valueCategory,temporal,temporal_type,georegion,georegion_type,agegroup,agegroup_type,sex,value,pop,incValue,valueYearCumSum,valueMean3y,trend,prct,deltaValue,deltaIncValue,incValuePrctChange,valueMean5y,dataComplete
cases,2013-M01,month,CHFL,CHFL,all,agegroup_tick,all,0,8176573,0,0,NA,NA,NA,NA,NA,NA,NA,TRUE
cases,2013-M02,month,CHFL,CHFL,all,agegroup_tick,all,0,8176573,0,0,NA,NA,NA,NA,NA,NA,NA,TRUE
cases,2013-M03,month,CHFL,CHFL,all,agegroup_tick,all,1,8176573,0.01,1,NA,NA,NA,NA,NA,NA,NA,TRUE
cases,2013-M04,month,CHFL,CHFL,all,agegroup_tick,all,2,8176573,0.02,3,NA,rising,NA,NA,NA,NA,NA,TRUE
cases,2013-M05,month,CHFL,CHFL,all,agegroup_tick,all,19,8176573,0.23,22,NA,rising,NA,NA,NA,NA,NA,TRUE
cases,2013-M06,month,CHFL,CHFL,all,agegroup_tick,all,45,8176573,0.55,67,NA,rising,NA,NA,NA,NA,NA,TRUE
cases,2013-M07,month,CHFL,CHFL,all,agegroup_tick,all,59,8176573,0.72,126,NA,rising,NA,NA,NA,NA,NA,TRUE
cases,2013-M08,month,CHFL,CHFL,all,agegroup_tick,all,31,8176573,0.38,157,NA,stagnant,NA,NA,NA,NA,NA,TRUE
cases,2013-M09,month,CHFL,CHFL,all,agegroup_tick,all,24,8176573,0.29,181,NA,falling,NA,NA,NA,NA,NA,TRUE
cases,2013-M10,month,CHFL,CHFL,all,agegroup_tick,all,13,8176573,0.16,194,NA,falling,NA,NA,NA,NA,NA,TRUE
cases,2013-M11,month,CHFL,CHFL,all,agegroup_tick,all,8,8176573,0.1,202,NA,falling,NA,NA,NA,NA,NA,TRUE
cases,2013-M12,month,CHFL,CHFL,all,agegroup_tick,all,0,8176573,0,202,NA,falling,NA,NA,NA,NA,NA,TRUE
cases,2014-M01,month,CHFL,CHFL,all,agegroup_tick,all,0,8274608,0,0,NA,falling,NA,NA,NA,NA,NA,TRUE
cases,2014-M02,month,CHFL,CHFL,all,agegroup_tick,all,1,8274608,0.01,1,NA,falling,NA,NA,NA,NA,NA,TRUE
cases,2014-M03,month,CHFL,CHFL,all,agegroup_tick,all,7,8274608,0.08,8,NA,rising,NA,NA,NA,NA,NA,TRUE
cases,2014-M04,month,CHFL,CHFL,all,agegroup_tick,all,8,8274608,0.1,16,NA,rising,NA,NA,NA,NA,NA,TRUE
cases,2014-M05,month,CHFL,CHFL,all,agegroup_tick,all,9,8274608,0.11,25,NA,rising,NA,NA,NA,NA,NA,TRUE
cases,2014-M06,month,CHFL,CHFL,all,agegroup_tick,all,30,8274608,0.36,55,NA,rising,NA,NA,NA,NA,NA,TRUE
cases,2014-M07,month,CHFL,CHFL,all,agegroup_tick,all,22,8274608,0.27,77,NA,rising,NA,NA,NA,NA,NA,TRUE
cases,2014-M08,month,CHFL,CHFL,all,agegroup_tick,all,10,8274608,0.12,87,NA,stagnant,NA,NA,NA,NA,NA,TRUE
cases,2014-M09,month,CHFL,CHFL,all,agegroup_tick,all,13,8274608,0.16,100,NA,falling,NA,NA,NA,NA,NA,TRUE
cases,2014-M10,month,CHFL,CHFL,all,agegroup_tick,all,7,8274608,0.08,107,NA,falling,NA,NA,NA,NA,NA,TRUE
cases,2014-M11,month,CHFL,CHFL,all,agegroup_tick,all,4,8274608,0.05,111,NA,stagnant,NA,NA,NA,NA,NA,TRUE
cases,2014-M12,month,CHFL,CHFL,all,agegroup_tick,all,1,8274608,0.01,112,NA,falling,NA,NA,NA,NA,NA,TRUE
cases,2015-M01,month,CHFL,CHFL,all,agegroup_tick,all,0,8362816,0,0,NA,falling,NA,NA,NA,NA,NA,TRUE
cases,2015-M02,month,CHFL,CHFL,all,agegroup_tick,all,0,8362816,0,0,NA,falling,NA,NA,NA,NA,NA,TRUE
cases,2015-M03,month,CHFL,CHFL,all,agegroup_tick,all,0,8362816,0,0,NA,stagnant,NA,NA,NA,NA,NA,TRUE
cases,2015-M04,month,CHFL,CHFL,all,agegroup_tick,all,4,8362816,0.05,4,NA,stagnant,NA,NA,NA,NA,NA,TRUE
cases,2015-M05,month,CHFL,CHFL,all,agegroup_tick,all,19,8362816,0.23,23,NA,rising,NA,NA,NA,NA,NA,TRUE
cases,2015-M06,month,CHFL,CHFL,all,agegroup_tick,all,35,8362816,0.42,58,NA,rising,NA,NA,NA,NA,NA,TRUE
cases,2015-M07,month,CHFL,CHFL,all,agegroup_tick,all,26,8362816,0.31,84,NA,rising,NA,NA,NA,NA,NA,TRUE
cases,2015-M08,month,CHFL,CHFL,all,agegroup_tick,all,8,8362816,0.1,92,NA,stagnant,NA,NA,NA,NA,NA,TRUE
cases,2015-M09,month,CHFL,CHFL,all,agegroup_tick,all,6,8362816,0.07,98,NA,falling,NA,NA,NA,NA,NA,TRUE
cases,2015-M10,month,CHFL,CHFL,all,agegroup_tick,all,10,8362816,0.12,108,NA,falling,NA,NA,NA,NA,NA,TRUE
cases,2015-M11,month,CHFL,CHFL,all,agegroup_tick,all,12,8362816,0.14,120,NA,stagnant,NA,NA,NA,NA,NA,TRUE
cases,2015-M12,month,CHFL,CHFL,all,agegroup_tick,all,2,8362816,0.02,122,NA,stagnant,NA,NA,NA,NA,NA,TRUE
cases,2016-M01,month,CHFL,CHFL,all,agegroup_tick,all,2,8457360,0.02,2,NA,falling,NA,NA,NA,NA,NA,TRUE
cases,2016-M02,month,CHFL,CHFL,all,agegroup_tick,all,0,8457360,0,2,NA,falling,NA,NA,NA,NA,NA,TRUE
cases,2016-M03,month,CHFL,CHFL,all,agegroup_tick,all,3,8457360,0.04,5,NA,stagnant,NA,NA,NA,NA,NA,TRUE
cases,2016-M04,month,CHFL,CHFL,all,agegroup_tick,all,11,8457360,0.13,16,NA,rising,NA,NA,NA,NA,NA,TRUE
cases,2016-M05,month,CHFL,CHFL,all,agegroup_tick,all,27,8457360,0.32,43,NA,rising,NA,NA,NA,NA,NA,TRUE
cases,2016-M06,month,CHFL,CHFL,all,agegroup_tick,all,47,8457360,0.56,90,NA,rising,NA,NA,NA,NA,NA,TRUE
cases,2016-M07,month,CHFL,CHFL,all,agegroup_tick,all,50,8457360,0.59,140,NA,rising,NA,NA,NA,NA,NA,TRUE
cases,2016-M08,month,CHFL,CHFL,all,agegroup_tick,all,33,8457360,0.39,173,NA,stagnant,NA,NA,NA,NA,NA,TRUE
cases,2016-M09,month,CHFL,CHFL,all,agegroup_tick,all,9,8457360,0.11,182,NA,falling,NA,NA,NA,NA,NA,TRUE
cases,2016-M10,month,CHFL,CHFL,all,agegroup_tick,all,13,8457360,0.15,195,NA,falling,NA,NA,NA,NA,NA,TRUE
cases,2016-M11,month,CHFL,CHFL,all,agegroup_tick,all,5,8457360,0.06,200,NA,falling,NA,NA,NA,NA,NA,TRUE
cases,2016-M12,month,CHFL,CHFL,all,agegroup_tick,all,1,8457360,0.01,201,NA,falling,NA,NA,NA,NA,NA,TRUE
cases,2017-M01,month,CHFL,CHFL,all,agegroup_tick,all,1,8522244,0.01,1,NA,falling,NA,NA,NA,NA,NA,TRUE
cases,2017-M02,month,CHFL,CHFL,all,agegroup_tick,all,0,8522244,0,1,NA,falling,NA,NA,NA,NA,NA,TRUE
cases,2017-M03,month,CHFL,CHFL,all,agegroup_tick,all,2,8522244,0.02,3,NA,stagnant,NA,NA,NA,NA,NA,TRUE
cases,2017-M04,month,CHFL,CHFL,all,agegroup_tick,all,19,8522244,0.22,22,NA,rising,NA,NA,NA,NA,NA,TRUE
cases,2017-M05,month,CHFL,CHFL,all,agegroup_tick,all,27,8522244,0.32,49,NA,rising,NA,NA,NA,NA,NA,TRUE
cases,2017-M06,month,CHFL,CHFL,all,agegroup_tick,all,49,8522244,0.57,98,NA,rising,NA,NA,NA,NA,NA,TRUE
cases,2017-M07,month,CHFL,CHFL,all,agegroup_tick,all,69,8522244,0.81,167,NA,rising,NA,NA,NA,NA,NA,TRUE
cases,2017-M08,month,CHFL,CHFL,all,agegroup_tick,all,31,8522244,0.36,198,NA,stagnant,NA,NA,NA,NA,NA,TRUE
cases,2017-M09,month,CHFL,CHFL,all,agegroup_tick,all,20,8522244,0.23,218,NA,falling,NA,NA,NA,NA,NA,TRUE
cases,2017-M10,month,CHFL,CHFL,all,agegroup_tick,all,40,8522244,0.47,258,NA,stagnant,NA,NA,NA,NA,NA,TRUE
cases,2017-M11,month,CHFL,CHFL,all,agegroup_tick,all,8,8522244,0.09,266,NA,stagnant,NA,NA,NA,NA,NA,TRUE
cases,2017-M12,month,CHFL,CHFL,all,agegroup_tick,all,4,8522244,0.05,270,NA,falling,NA,NA,NA,NA,NA,TRUE
cases,2018-M01,month,CHFL,CHFL,all,agegroup_tick,all,2,8582905,0.02,2,NA,falling,NA,NA,NA,NA,NA,TRUE
cases,2018-M02,month,CHFL,CHFL,all,agegroup_tick,all,1,8582905,0.01,3,NA,stagnant,NA,NA,NA,NA,NA,TRUE
cases,2018-M03,month,CHFL,CHFL,all,agegroup_tick,all,1,8582905,0.01,4,NA,stagnant,NA,NA,NA,NA,NA,TRUE
cases,2018-M04,month,CHFL,CHFL,all,agegroup_tick,all,11,8582905,0.13,15,NA,rising,NA,NA,NA,NA,NA,TRUE
cases,2018-M05,month,CHFL,CHFL,all,agegroup_tick,all,67,8582905,0.78,82,NA,rising,NA,NA,NA,NA,NA,TRUE
cases,2018-M06,month,CHFL,CHFL,all,agegroup_tick,all,113,8582905,1.32,195,NA,rising,NA,NA,NA,NA,NA,TRUE
cases,2018-M07,month,CHFL,CHFL,all,agegroup_tick,all,70,8582905,0.82,265,NA,stagnant,NA,NA,NA,NA,NA,TRUE
cases,2018-M08,month,CHFL,CHFL,all,agegroup_tick,all,32,8582905,0.37,297,NA,stagnant,NA,NA,NA,NA,NA,TRUE
cases,2018-M09,month,CHFL,CHFL,all,agegroup_tick,all,23,8582905,0.27,320,NA,falling,NA,NA,NA,NA,NA,TRUE
cases,2018-M10,month,CHFL,CHFL,all,agegroup_tick,all,18,8582905,0.21,338,NA,falling,NA,NA,NA,NA,NA,TRUE
cases,2018-M11,month,CHFL,CHFL,all,agegroup_tick,all,13,8582905,0.15,351,NA,falling,NA,NA,NA,NA,NA,TRUE
cases,2018-M12,month,CHFL,CHFL,all,agegroup_tick,all,6,8582905,0.07,357,NA,falling,NA,NA,NA,NA,NA,TRUE
cases,2019-M01,month,CHFL,CHFL,all,agegroup_tick,all,0,8644780,0,0,NA,falling,NA,NA,NA,NA,NA,TRUE
cases,2019-M02,month,CHFL,CHFL,all,agegroup_tick,all,0,8644780,0,0,NA,falling,NA,NA,NA,NA,NA,TRUE
cases,2019-M03,month,CHFL,CHFL,all,agegroup_tick,all,1,8644780,0.01,1,NA,falling,NA,NA,NA,NA,NA,TRUE
cases,2019-M04,month,CHFL,CHFL,all,agegroup_tick,all,15,8644780,0.17,16,NA,rising,NA,NA,NA,NA,NA,TRUE
cases,2019-M05,month,CHFL,CHFL,all,agegroup_tick,all,21,8644780,0.24,37,NA,rising,NA,NA,NA,NA,NA,TRUE
cases,2019-M06,month,CHFL,CHFL,all,agegroup_tick,all,67,8644780,0.78,104,NA,rising,NA,NA,NA,NA,NA,TRUE
cases,2019-M07,month,CHFL,CHFL,all,agegroup_tick,all,75,8644780,0.87,179,NA,rising,NA,NA,NA,NA,NA,TRUE
cases,2019-M08,month,CHFL,CHFL,all,agegroup_tick,all,24,8644780,0.28,203,NA,stagnant,NA,NA,NA,NA,NA,TRUE
cases,2019-M09,month,CHFL,CHFL,all,agegroup_tick,all,13,8644780,0.15,216,NA,falling,NA,NA,NA,NA,NA,TRUE
cases,2019-M10,month,CHFL,CHFL,all,agegroup_tick,all,17,8644780,0.2,233,NA,falling,NA,NA,NA,NA,NA,TRUE
cases,2019-M11,month,CHFL,CHFL,all,agegroup_tick,all,9,8644780,0.1,242,NA,falling,NA,NA,NA,NA,NA,TRUE
cases,2019-M12,month,CHFL,CHFL,all,agegroup_tick,all,2,8644780,0.02,244,NA,falling,NA,NA,NA,NA,NA,TRUE
cases,2020-M01,month,CHFL,CHFL,all,agegroup_tick,all,1,8709355,0.01,1,NA,falling,NA,NA,NA,NA,NA,TRUE
cases,2020-M02,month,CHFL,CHFL,all,agegroup_tick,all,1,8709355,0.01,2,NA,falling,NA,NA,NA,NA,NA,TRUE
cases,2020-M03,month,CHFL,CHFL,all,agegroup_tick,all,7,8709355,0.08,9,NA,rising,NA,NA,NA,NA,NA,TRUE
cases,2020-M04,month,CHFL,CHFL,all,agegroup_tick,all,22,8709355,0.25,31,NA,rising,NA,NA,NA,NA,NA,TRUE
cases,2020-M05,month,CHFL,CHFL,all,agegroup_tick,all,78,8709355,0.9,109,NA,rising,NA,NA,NA,NA,NA,TRUE
cases,2020-M06,month,CHFL,CHFL,all,agegroup_tick,all,115,8709355,1.32,224,NA,rising,NA,NA,NA,NA,NA,TRUE
cases,2020-M07,month,CHFL,CHFL,all,agegroup_tick,all,118,8709355,1.35,342,NA,rising,NA,NA,NA,NA,NA,TRUE
cases,2020-M08,month,CHFL,CHFL,all,agegroup_tick,all,45,8709355,0.52,387,NA,stagnant,NA,NA,NA,NA,NA,TRUE
cases,2020-M09,month,CHFL,CHFL,all,agegroup_tick,all,22,8709355,0.25,409,NA,falling,NA,NA,NA,NA,NA,TRUE
cases,2020-M10,month,CHFL,CHFL,all,agegroup_tick,all,10,8709355,0.11,419,NA,falling,NA,NA,NA,NA,NA,TRUE
cases,2020-M11,month,CHFL,CHFL,all,agegroup_tick,all,12,8709355,0.14,431,NA,falling,NA,NA,NA,NA,NA,TRUE
cases,2020-M12,month,CHFL,CHFL,all,agegroup_tick,all,2,8709355,0.02,433,NA,falling,NA,NA,NA,NA,NA,TRUE
cases,2021-M01,month,CHFL,CHFL,all,agegroup_tick,all,1,8778099,0.01,1,NA,falling,NA,NA,NA,NA,NA,TRUE
cases,2021-M02,month,CHFL,CHFL,all,agegroup_tick,all,2,8778099,0.02,3,NA,falling,NA,NA,NA,NA,NA,TRUE
cases,2021-M03,month,CHFL,CHFL,all,agegroup_tick,all,6,8778099,0.07,9,NA,stagnant,NA,NA,NA,NA,NA,TRUE
cases,2021-M04,month,CHFL,CHFL,all,agegroup_tick,all,12,8778099,0.14,21,NA,rising,NA,NA,NA,NA,NA,TRUE
cases,2021-M05,month,CHFL,CHFL,all,agegroup_tick,all,38,8778099,0.43,59,NA,rising,NA,NA,NA,NA,NA,TRUE
cases,2021-M06,month,CHFL,CHFL,all,agegroup_tick,all,71,8778099,0.81,130,NA,rising,NA,NA,NA,NA,NA,TRUE
cases,2021-M07,month,CHFL,CHFL,all,agegroup_tick,all,69,8778099,0.79,199,NA,rising,NA,NA,NA,NA,NA,TRUE
cases,2021-M08,month,CHFL,CHFL,all,agegroup_tick,all,32,8778099,0.36,231,NA,stagnant,NA,NA,NA,NA,NA,TRUE
cases,2021-M09,month,CHFL,CHFL,all,agegroup_tick,all,21,8778099,0.24,252,NA,falling,NA,NA,NA,NA,NA,TRUE
cases,2021-M10,month,CHFL,CHFL,all,agegroup_tick,all,12,8778099,0.14,264,NA,falling,NA,NA,NA,NA,NA,TRUE
cases,2021-M11,month,CHFL,CHFL,all,agegroup_tick,all,6,8778099,0.07,270,NA,falling,NA,NA,NA,NA,NA,TRUE
cases,2021-M12,month,CHFL,CHFL,all,agegroup_tick,all,3,8778099,0.03,273,NA,falling,NA,NA,NA,NA,NA,TRUE
cases,2022-M01,month,CHFL,CHFL,all,agegroup_tick,all,1,8855062,0.01,1,NA,falling,NA,NA,NA,NA,NA,TRUE
cases,2022-M02,month,CHFL,CHFL,all,agegroup_tick,all,1,8855062,0.01,2,NA,falling,NA,NA,NA,NA,NA,TRUE
cases,2022-M03,month,CHFL,CHFL,all,agegroup_tick,all,6,8855062,0.07,8,NA,stagnant,NA,NA,NA,NA,NA,TRUE
cases,2022-M04,month,CHFL,CHFL,all,agegroup_tick,all,8,8855062,0.09,16,NA,rising,NA,NA,NA,NA,NA,TRUE
cases,2022-M05,month,CHFL,CHFL,all,agegroup_tick,all,55,8855062,0.62,71,NA,rising,NA,NA,NA,NA,NA,TRUE
cases,2022-M06,month,CHFL,CHFL,all,agegroup_tick,all,118,8855062,1.33,189,NA,rising,NA,NA,NA,NA,NA,TRUE
cases,2022-M07,month,CHFL,CHFL,all,agegroup_tick,all,75,8855062,0.85,264,NA,rising,NA,NA,NA,NA,NA,TRUE
cases,2022-M08,month,CHFL,CHFL,all,agegroup_tick,all,42,8855062,0.47,306,NA,stagnant,NA,NA,NA,NA,NA,TRUE
cases,2022-M09,month,CHFL,CHFL,all,agegroup_tick,all,23,8855062,0.26,329,NA,falling,NA,NA,NA,NA,NA,TRUE
cases,2022-M10,month,CHFL,CHFL,all,agegroup_tick,all,28,8855062,0.32,357,NA,falling,NA,NA,NA,NA,NA,TRUE
cases,2022-M11,month,CHFL,CHFL,all,agegroup_tick,all,22,8855062,0.25,379,NA,falling,NA,NA,NA,NA,NA,TRUE
cases,2022-M12,month,CHFL,CHFL,all,agegroup_tick,all,2,8855062,0.02,381,NA,stagnant,NA,NA,NA,NA,NA,TRUE
cases,2023-M01,month,CHFL,CHFL,all,agegroup_tick,all,2,9002273,0.02,2,NA,falling,NA,NA,NA,NA,NA,TRUE
cases,2023-M02,month,CHFL,CHFL,all,agegroup_tick,all,3,9002273,0.03,5,NA,falling,NA,NA,NA,NA,NA,TRUE
cases,2023-M03,month,CHFL,CHFL,all,agegroup_tick,all,6,9002273,0.07,11,NA,stagnant,NA,NA,NA,NA,NA,TRUE
cases,2023-M04,month,CHFL,CHFL,all,agegroup_tick,all,18,9002273,0.2,29,NA,rising,NA,NA,NA,NA,NA,TRUE
cases,2023-M05,month,CHFL,CHFL,all,agegroup_tick,all,40,9002273,0.44,69,NA,rising,NA,NA,NA,NA,NA,TRUE
cases,2023-M06,month,CHFL,CHFL,all,agegroup_tick,all,61,9002273,0.68,130,NA,rising,NA,NA,NA,NA,NA,TRUE
cases,2023-M07,month,CHFL,CHFL,all,agegroup_tick,all,75,9002273,0.83,205,NA,rising,NA,NA,NA,NA,NA,TRUE
cases,2023-M08,month,CHFL,CHFL,all,agegroup_tick,all,31,9002273,0.34,236,NA,stagnant,NA,NA,NA,NA,NA,TRUE
cases,2023-M09,month,CHFL,CHFL,all,agegroup_tick,all,13,9002273,0.14,249,NA,falling,NA,NA,NA,NA,NA,TRUE
cases,2023-M10,month,CHFL,CHFL,all,agegroup_tick,all,30,9002273,0.33,279,NA,falling,NA,NA,NA,NA,NA,TRUE
cases,2023-M11,month,CHFL,CHFL,all,agegroup_tick,all,15,9002273,0.17,294,NA,stagnant,NA,NA,NA,NA,NA,TRUE
cases,2023-M12,month,CHFL,CHFL,all,agegroup_tick,all,6,9002273,0.07,300,NA,stagnant,NA,NA,NA,NA,NA,TRUE
cases,2024-M01,month,CHFL,CHFL,all,agegroup_tick,all,2,9091915,0.02,2,NA,falling,NA,NA,NA,NA,NA,TRUE
cases,2024-M02,month,CHFL,CHFL,all,agegroup_tick,all,8,9091915,0.09,10,NA,stagnant,NA,NA,NA,NA,NA,TRUE
cases,2024-M03,month,CHFL,CHFL,all,agegroup_tick,all,14,9091915,0.15,24,NA,rising,NA,NA,NA,NA,NA,TRUE
cases,2024-M04,month,CHFL,CHFL,all,agegroup_tick,all,26,9091915,0.29,50,NA,rising,NA,NA,NA,NA,NA,TRUE
cases,2024-M05,month,CHFL,CHFL,all,agegroup_tick,all,64,9091915,0.7,114,NA,rising,NA,NA,NA,NA,NA,TRUE
cases,2024-M06,month,CHFL,CHFL,all,agegroup_tick,all,91,9091915,1,205,NA,rising,NA,NA,NA,NA,NA,TRUE
cases,2024-M07,month,CHFL,CHFL,all,agegroup_tick,all,85,9091915,0.93,290,NA,rising,NA,NA,NA,NA,NA,TRUE
cases,2024-M08,month,CHFL,CHFL,all,agegroup_tick,all,62,9091915,0.68,352,NA,stagnant,NA,NA,NA,NA,NA,TRUE
cases,2024-M09,month,CHFL,CHFL,all,agegroup_tick,all,13,9091915,0.14,365,NA,falling,NA,NA,NA,NA,NA,TRUE
cases,2024-M10,month,CHFL,CHFL,all,agegroup_tick,all,41,9091915,0.45,406,NA,stagnant,NA,NA,NA,NA,NA,TRUE
cases,2024-M11,month,CHFL,CHFL,all,agegroup_tick,all,21,9091915,0.23,427,NA,stagnant,NA,NA,NA,NA,NA,TRUE
cases,2024-M12,month,CHFL,CHFL,all,agegroup_tick,all,5,9091915,0.05,432,NA,stagnant,NA,NA,NA,NA,NA,TRUE
cases,2025-M01,month,CHFL,CHFL,all,agegroup_tick,all,2,9091915,0.02,2,NA,falling,NA,NA,NA,NA,NA,TRUE
cases,2025-M02,month,CHFL,CHFL,all,agegroup_tick,all,1,9091915,0.01,3,NA,falling,NA,NA,NA,NA,NA,TRUE
cases,2025-M03,month,CHFL,CHFL,all,agegroup_tick,all,5,9091915,0.05,8,NA,stagnant,NA,NA,NA,NA,NA,TRUE
cases,2025-M04,month,CHFL,CHFL,all,agegroup_tick,all,31,9091915,0.34,39,NA,rising,NA,NA,NA,NA,NA,TRUE
cases,2025-M05,month,CHFL,CHFL,all,agegroup_tick,all,70,9091915,0.77,109,NA,rising,NA,NA,NA,NA,NA,TRUE
cases,2025-M06,month,CHFL,CHFL,all,agegroup_tick,all,133,9091915,1.46,242,NA,rising,NA,NA,NA,NA,NA,TRUE
cases,2025-M07,month,CHFL,CHFL,all,agegroup_tick,all,127,9091915,1.4,369,NA,rising,NA,NA,NA,NA,NA,TRUE
cases,2025-M08,month,CHFL,CHFL,all,agegroup_tick,all,62,9091915,0.68,431,NA,stagnant,NA,NA,NA,NA,NA,TRUE
cases,2025-M09,month,CHFL,CHFL,all,agegroup_tick,all,28,9091915,0.31,459,NA,falling,NA,NA,NA,NA,NA,TRUE
cases,2025-M10,month,CHFL,CHFL,all,agegroup_tick,all,30,9091915,0.33,489,NA,falling,NA,NA,NA,NA,NA,TRUE
cases,2025-M11,month,CHFL,CHFL,all,agegroup_tick,all,11,9091915,0.12,500,NA,falling,NA,NA,NA,NA,NA,TRUE
cases,2025-M12,month,CHFL,CHFL,all,agegroup_tick,all,2,9091915,0.02,502,NA,falling,NA,NA,NA,NA,NA,TRUE
cases,2026-M01,month,CHFL,CHFL,all,agegroup_tick,all,4,9091674,0.04,4,NA,falling,NA,NA,NA,NA,NA,TRUE
cases,2026-M02,month,CHFL,CHFL,all,agegroup_tick,all,3,9091674,0.03,7,NA,falling,NA,NA,NA,NA,NA,TRUE
cases,2026-M03,month,CHFL,CHFL,all,agegroup_tick,all,11,9091674,0.12,18,NA,rising,NA,NA,NA,NA,NA,TRUE
cases,2026-M04,month,CHFL,CHFL,all,agegroup_tick,all,34,9091674,0.37,52,NA,rising,NA,NA,NA,NA,NA,TRUE
cases,2026-M05,month,CHFL,CHFL,all,agegroup_tick,all,65,9091674,0.71,117,NA,rising,NA,NA,NA,NA,NA,TRUE
cases,2026-M06,month,CHFL,CHFL,all,agegroup_tick,all,126,9091674,1.39,243,NA,rising,NA,NA,NA,NA,NA,TRUE
cases,2026-M07,month,CHFL,CHFL,all,agegroup_tick,all,103,9091674,1.13,346,NA,rising,NA,NA,NA,NA,NA,TRUE
cases,2026-M08,month,CHFL,CHFL,all,agegroup_tick,all,25,9091674,0.27,371,NA,stagnant,NA,NA,NA,NA,NA,TRUE
min_value_10y,2022-M01,month,CHFL,CHFL,all,agegroup_tick,all,0,NA,0,0,NA,NA,NA,NA,NA,NA,NA,TRUE
min_value_10y,2022-M02,month,CHFL,CHFL,all,agegroup_tick,all,0,NA,0,0,NA,NA,NA,NA,NA,NA,NA,TRUE
min_value_10y,2022-M03,month,CHFL,CHFL,all,agegroup_tick,all,0,NA,0,0,NA,NA,NA,NA,NA,NA,NA,TRUE
min_value_10y,2022-M04,month,CHFL,CHFL,all,agegroup_tick,all,2,NA,0.02,3,NA,NA,NA,NA,NA,NA,NA,TRUE
min_value_10y,2022-M05,month,CHFL,CHFL,all,agegroup_tick,all,9,NA,0.11,22,NA,NA,NA,NA,NA,NA,NA,TRUE
min_value_10y,2022-M06,month,CHFL,CHFL,all,agegroup_tick,all,30,NA,0.36,55,NA,NA,NA,NA,NA,NA,NA,TRUE
min_value_10y,2022-M07,month,CHFL,CHFL,all,agegroup_tick,all,22,NA,0.27,77,NA,NA,NA,NA,NA,NA,NA,TRUE
min_value_10y,2022-M08,month,CHFL,CHFL,all,agegroup_tick,all,8,NA,0.1,87,NA,NA,NA,NA,NA,NA,NA,TRUE
min_value_10y,2022-M09,month,CHFL,CHFL,all,agegroup_tick,all,6,NA,0.07,98,NA,NA,NA,NA,NA,NA,NA,TRUE
min_value_10y,2022-M10,month,CHFL,CHFL,all,agegroup_tick,all,7,NA,0.08,107,NA,NA,NA,NA,NA,NA,NA,TRUE
min_value_10y,2022-M11,month,CHFL,CHFL,all,agegroup_tick,all,4,NA,0.05,111,NA,NA,NA,NA,NA,NA,NA,TRUE
min_value_10y,2022-M12,month,CHFL,CHFL,all,agegroup_tick,all,0,NA,0,112,NA,NA,NA,NA,NA,NA,NA,TRUE
min_value_10y,2023-M01,month,CHFL,CHFL,all,agegroup_tick,all,0,NA,0,0,NA,NA,NA,NA,NA,NA,NA,TRUE
min_value_10y,2023-M02,month,CHFL,CHFL,all,agegroup_tick,all,0,NA,0,0,NA,NA,NA,NA,NA,NA,NA,TRUE
min_value_10y,2023-M03,month,CHFL,CHFL,all,agegroup_tick,all,0,NA,0,0,NA,NA,NA,NA,NA,NA,NA,TRUE
min_value_10y,2023-M04,month,CHFL,CHFL,all,agegroup_tick,all,4,NA,0.05,4,NA,NA,NA,NA,NA,NA,NA,TRUE
min_value_10y,2023-M05,month,CHFL,CHFL,all,agegroup_tick,all,9,NA,0.11,23,NA,NA,NA,NA,NA,NA,NA,TRUE
min_value_10y,2023-M06,month,CHFL,CHFL,all,agegroup_tick,all,30,NA,0.36,55,NA,NA,NA,NA,NA,NA,NA,TRUE
min_value_10y,2023-M07,month,CHFL,CHFL,all,agegroup_tick,all,22,NA,0.27,77,NA,NA,NA,NA,NA,NA,NA,TRUE
min_value_10y,2023-M08,month,CHFL,CHFL,all,agegroup_tick,all,8,NA,0.1,87,NA,NA,NA,NA,NA,NA,NA,TRUE
min_value_10y,2023-M09,month,CHFL,CHFL,all,agegroup_tick,all,6,NA,0.07,98,NA,NA,NA,NA,NA,NA,NA,TRUE
min_value_10y,2023-M10,month,CHFL,CHFL,all,agegroup_tick,all,7,NA,0.08,107,NA,NA,NA,NA,NA,NA,NA,TRUE
min_value_10y,2023-M11,month,CHFL,CHFL,all,agegroup_tick,all,4,NA,0.05,111,NA,NA,NA,NA,NA,NA,NA,TRUE
min_value_10y,2023-M12,month,CHFL,CHFL,all,agegroup_tick,all,1,NA,0.01,112,NA,NA,NA,NA,NA,NA,NA,TRUE
min_value_10y,2024-M01,month,CHFL,CHFL,all,agegroup_tick,all,0,NA,0,0,NA,NA,NA,NA,NA,NA,NA,TRUE
min_value_10y,2024-M02,month,CHFL,CHFL,all,agegroup_tick,all,0,NA,0,0,NA,NA,NA,NA,NA,NA,NA,TRUE
min_value_10y,2024-M03,month,CHFL,CHFL,all,agegroup_tick,all,0,NA,0,0,NA,NA,NA,NA,NA,NA,NA,TRUE
min_value_10y,2024-M04,month,CHFL,CHFL,all,agegroup_tick,all,4,NA,0.05,4,NA,NA,NA,NA,NA,NA,NA,TRUE
min_value_10y,2024-M05,month,CHFL,CHFL,all,agegroup_tick,all,19,NA,0.23,23,NA,NA,NA,NA,NA,NA,NA,TRUE
min_value_10y,2024-M06,month,CHFL,CHFL,all,agegroup_tick,all,35,NA,0.42,58,NA,NA,NA,NA,NA,NA,NA,TRUE
min_value_10y,2024-M07,month,CHFL,CHFL,all,agegroup_tick,all,26,NA,0.31,84,NA,NA,NA,NA,NA,NA,NA,TRUE
min_value_10y,2024-M08,month,CHFL,CHFL,all,agegroup_tick,all,8,NA,0.1,92,NA,NA,NA,NA,NA,NA,NA,TRUE
min_value_10y,2024-M09,month,CHFL,CHFL,all,agegroup_tick,all,6,NA,0.07,98,NA,NA,NA,NA,NA,NA,NA,TRUE
min_value_10y,2024-M10,month,CHFL,CHFL,all,agegroup_tick,all,10,NA,0.11,108,NA,NA,NA,NA,NA,NA,NA,TRUE
min_value_10y,2024-M11,month,CHFL,CHFL,all,agegroup_tick,all,5,NA,0.06,120,NA,NA,NA,NA,NA,NA,NA,TRUE
min_value_10y,2024-M12,month,CHFL,CHFL,all,agegroup_tick,all,1,NA,0.01,122,NA,NA,NA,NA,NA,NA,NA,TRUE
min_value_10y,2025-M01,month,CHFL,CHFL,all,agegroup_tick,all,0,NA,0,0,NA,NA,NA,NA,NA,NA,NA,TRUE
min_value_10y,2025-M02,month,CHFL,CHFL,all,agegroup_tick,all,0,NA,0,0,NA,NA,NA,NA,NA,NA,NA,TRUE
min_value_10y,2025-M03,month,CHFL,CHFL,all,agegroup_tick,all,1,NA,0.01,1,NA,NA,NA,NA,NA,NA,NA,TRUE
min_value_10y,2025-M04,month,CHFL,CHFL,all,agegroup_tick,all,8,NA,0.09,15,NA,NA,NA,NA,NA,NA,NA,TRUE
min_value_10y,2025-M05,month,CHFL,CHFL,all,agegroup_tick,all,21,NA,0.24,37,NA,NA,NA,NA,NA,NA,NA,TRUE
min_value_10y,2025-M06,month,CHFL,CHFL,all,agegroup_tick,all,47,NA,0.56,90,NA,NA,NA,NA,NA,NA,NA,TRUE
min_value_10y,2025-M07,month,CHFL,CHFL,all,agegroup_tick,all,50,NA,0.59,140,NA,NA,NA,NA,NA,NA,NA,TRUE
min_value_10y,2025-M08,month,CHFL,CHFL,all,agegroup_tick,all,24,NA,0.28,173,NA,NA,NA,NA,NA,NA,NA,TRUE
min_value_10y,2025-M09,month,CHFL,CHFL,all,agegroup_tick,all,9,NA,0.11,182,NA,NA,NA,NA,NA,NA,NA,TRUE
min_value_10y,2025-M10,month,CHFL,CHFL,all,agegroup_tick,all,10,NA,0.11,195,NA,NA,NA,NA,NA,NA,NA,TRUE
min_value_10y,2025-M11,month,CHFL,CHFL,all,agegroup_tick,all,5,NA,0.06,200,NA,NA,NA,NA,NA,NA,NA,TRUE
min_value_10y,2025-M12,month,CHFL,CHFL,all,agegroup_tick,all,1,NA,0.01,201,NA,NA,NA,NA,NA,NA,NA,TRUE
min_value_10y,2026-M01,month,CHFL,CHFL,all,agegroup_tick,all,0,NA,0,0,NA,NA,NA,NA,NA,NA,NA,TRUE
min_value_10y,2026-M02,month,CHFL,CHFL,all,agegroup_tick,all,0,NA,0,0,NA,NA,NA,NA,NA,NA,NA,TRUE
min_value_10y,2026-M03,month,CHFL,CHFL,all,agegroup_tick,all,1,NA,0.01,1,NA,NA,NA,NA,NA,NA,NA,TRUE
min_value_10y,2026-M04,month,CHFL,CHFL,all,agegroup_tick,all,8,NA,0.09,15,NA,NA,NA,NA,NA,NA,NA,TRUE
min_value_10y,2026-M05,month,CHFL,CHFL,all,agegroup_tick,all,21,NA,0.24,37,NA,NA,NA,NA,NA,NA,NA,TRUE
min_value_10y,2026-M06,month,CHFL,CHFL,all,agegroup_tick,all,49,NA,0.57,98,NA,NA,NA,NA,NA,NA,NA,TRUE
min_value_10y,2026-M07,month,CHFL,CHFL,all,agegroup_tick,all,69,NA,0.79,167,NA,NA,NA,NA,NA,NA,NA,TRUE
min_value_10y,2026-M08,month,CHFL,CHFL,all,agegroup_tick,all,24,NA,0.27,198,NA,NA,NA,NA,NA,NA,NA,TRUE
median_value_10y,2022-M01,month,CHFL,CHFL,all,agegroup_tick,all,1,NA,0.01,1,NA,NA,NA,NA,NA,NA,NA,TRUE
median_value_10y,2022-M02,month,CHFL,CHFL,all,agegroup_tick,all,0,NA,0,2,NA,NA,NA,NA,NA,NA,NA,TRUE
median_value_10y,2022-M03,month,CHFL,CHFL,all,agegroup_tick,all,2,NA,0.03,4,NA,NA,NA,NA,NA,NA,NA,TRUE
median_value_10y,2022-M04,month,CHFL,CHFL,all,agegroup_tick,all,11,NA,0.13,16,NA,NA,NA,NA,NA,NA,NA,TRUE
median_value_10y,2022-M05,month,CHFL,CHFL,all,agegroup_tick,all,27,NA,0.32,46,NA,NA,NA,NA,NA,NA,NA,TRUE
median_value_10y,2022-M06,month,CHFL,CHFL,all,agegroup_tick,all,58,NA,0.68,101,NA,NA,NA,NA,NA,NA,NA,TRUE
median_value_10y,2022-M07,month,CHFL,CHFL,all,agegroup_tick,all,69,NA,0.8,173,NA,NA,NA,NA,NA,NA,NA,TRUE
median_value_10y,2022-M08,month,CHFL,CHFL,all,agegroup_tick,all,32,NA,0.36,200,NA,NA,NA,NA,NA,NA,NA,TRUE
median_value_10y,2022-M09,month,CHFL,CHFL,all,agegroup_tick,all,20,NA,0.23,217,NA,NA,NA,NA,NA,NA,NA,TRUE
median_value_10y,2022-M10,month,CHFL,CHFL,all,agegroup_tick,all,13,NA,0.16,246,NA,NA,NA,NA,NA,NA,NA,TRUE
median_value_10y,2022-M11,month,CHFL,CHFL,all,agegroup_tick,all,8,NA,0.1,254,NA,NA,NA,NA,NA,NA,NA,TRUE
median_value_10y,2022-M12,month,CHFL,CHFL,all,agegroup_tick,all,2,NA,0.02,257,NA,NA,NA,NA,NA,NA,NA,TRUE
median_value_10y,2023-M01,month,CHFL,CHFL,all,agegroup_tick,all,1,NA,0.01,1,NA,NA,NA,NA,NA,NA,NA,TRUE
median_value_10y,2023-M02,month,CHFL,CHFL,all,agegroup_tick,all,1,NA,0.01,2,NA,NA,NA,NA,NA,NA,NA,TRUE
median_value_10y,2023-M03,month,CHFL,CHFL,all,agegroup_tick,all,4,NA,0.06,6,NA,NA,NA,NA,NA,NA,NA,TRUE
median_value_10y,2023-M04,month,CHFL,CHFL,all,agegroup_tick,all,12,NA,0.14,16,NA,NA,NA,NA,NA,NA,NA,TRUE
median_value_10y,2023-M05,month,CHFL,CHFL,all,agegroup_tick,all,32,NA,0.38,54,NA,NA,NA,NA,NA,NA,NA,TRUE
median_value_10y,2023-M06,month,CHFL,CHFL,all,agegroup_tick,all,64,NA,0.73,117,NA,NA,NA,NA,NA,NA,NA,TRUE
median_value_10y,2023-M07,month,CHFL,CHFL,all,agegroup_tick,all,70,NA,0.81,189,NA,NA,NA,NA,NA,NA,NA,TRUE
median_value_10y,2023-M08,month,CHFL,CHFL,all,agegroup_tick,all,32,NA,0.36,217,NA,NA,NA,NA,NA,NA,NA,TRUE
median_value_10y,2023-M09,month,CHFL,CHFL,all,agegroup_tick,all,16,NA,0.2,234,NA,NA,NA,NA,NA,NA,NA,TRUE
median_value_10y,2023-M10,month,CHFL,CHFL,all,agegroup_tick,all,15,NA,0.17,261,NA,NA,NA,NA,NA,NA,NA,TRUE
median_value_10y,2023-M11,month,CHFL,CHFL,all,agegroup_tick,all,10,NA,0.12,268,NA,NA,NA,NA,NA,NA,NA,TRUE
median_value_10y,2023-M12,month,CHFL,CHFL,all,agegroup_tick,all,2,NA,0.02,272,NA,NA,NA,NA,NA,NA,NA,TRUE
median_value_10y,2024-M01,month,CHFL,CHFL,all,agegroup_tick,all,1,NA,0.01,1,NA,NA,NA,NA,NA,NA,NA,TRUE
median_value_10y,2024-M02,month,CHFL,CHFL,all,agegroup_tick,all,1,NA,0.01,2,NA,NA,NA,NA,NA,NA,NA,TRUE
median_value_10y,2024-M03,month,CHFL,CHFL,all,agegroup_tick,all,4,NA,0.06,6,NA,NA,NA,NA,NA,NA,NA,TRUE
median_value_10y,2024-M04,month,CHFL,CHFL,all,agegroup_tick,all,14,NA,0.16,18,NA,NA,NA,NA,NA,NA,NA,TRUE
median_value_10y,2024-M05,month,CHFL,CHFL,all,agegroup_tick,all,39,NA,0.44,64,NA,NA,NA,NA,NA,NA,NA,TRUE
median_value_10y,2024-M06,month,CHFL,CHFL,all,agegroup_tick,all,69,NA,0.8,130,NA,NA,NA,NA,NA,NA,NA,TRUE
median_value_10y,2024-M07,month,CHFL,CHFL,all,agegroup_tick,all,72,NA,0.82,202,NA,NA,NA,NA,NA,NA,NA,TRUE
median_value_10y,2024-M08,month,CHFL,CHFL,all,agegroup_tick,all,32,NA,0.36,234,NA,NA,NA,NA,NA,NA,NA,TRUE
median_value_10y,2024-M09,month,CHFL,CHFL,all,agegroup_tick,all,16,NA,0.19,250,NA,NA,NA,NA,NA,NA,NA,TRUE
median_value_10y,2024-M10,month,CHFL,CHFL,all,agegroup_tick,all,18,NA,0.21,272,NA,NA,NA,NA,NA,NA,NA,TRUE
median_value_10y,2024-M11,month,CHFL,CHFL,all,agegroup_tick,all,12,NA,0.14,282,NA,NA,NA,NA,NA,NA,NA,TRUE
median_value_10y,2024-M12,month,CHFL,CHFL,all,agegroup_tick,all,2,NA,0.03,286,NA,NA,NA,NA,NA,NA,NA,TRUE
median_value_10y,2025-M01,month,CHFL,CHFL,all,agegroup_tick,all,2,NA,0.01,2,NA,NA,NA,NA,NA,NA,NA,TRUE
median_value_10y,2025-M02,month,CHFL,CHFL,all,agegroup_tick,all,1,NA,0.01,2,NA,NA,NA,NA,NA,NA,NA,TRUE
median_value_10y,2025-M03,month,CHFL,CHFL,all,agegroup_tick,all,6,NA,0.06,8,NA,NA,NA,NA,NA,NA,NA,TRUE
median_value_10y,2025-M04,month,CHFL,CHFL,all,agegroup_tick,all,16,NA,0.18,22,NA,NA,NA,NA,NA,NA,NA,TRUE
median_value_10y,2025-M05,month,CHFL,CHFL,all,agegroup_tick,all,48,NA,0.53,70,NA,NA,NA,NA,NA,NA,NA,TRUE
median_value_10y,2025-M06,month,CHFL,CHFL,all,agegroup_tick,all,81,NA,0.9,160,NA,NA,NA,NA,NA,NA,NA,TRUE
median_value_10y,2025-M07,month,CHFL,CHFL,all,agegroup_tick,all,75,NA,0.84,234,NA,NA,NA,NA,NA,NA,NA,TRUE
median_value_10y,2025-M08,month,CHFL,CHFL,all,agegroup_tick,all,32,NA,0.38,266,NA,NA,NA,NA,NA,NA,NA,TRUE
median_value_10y,2025-M09,month,CHFL,CHFL,all,agegroup_tick,all,20,NA,0.23,286,NA,NA,NA,NA,NA,NA,NA,TRUE
median_value_10y,2025-M10,month,CHFL,CHFL,all,agegroup_tick,all,23,NA,0.26,308,NA,NA,NA,NA,NA,NA,NA,TRUE
median_value_10y,2025-M11,month,CHFL,CHFL,all,agegroup_tick,all,12,NA,0.13,322,NA,NA,NA,NA,NA,NA,NA,TRUE
median_value_10y,2025-M12,month,CHFL,CHFL,all,agegroup_tick,all,2,NA,0.03,328,NA,NA,NA,NA,NA,NA,NA,TRUE
median_value_10y,2026-M01,month,CHFL,CHFL,all,agegroup_tick,all,2,NA,0.01,2,NA,NA,NA,NA,NA,NA,NA,TRUE
median_value_10y,2026-M02,month,CHFL,CHFL,all,agegroup_tick,all,1,NA,0.01,3,NA,NA,NA,NA,NA,NA,NA,TRUE
median_value_10y,2026-M03,month,CHFL,CHFL,all,agegroup_tick,all,6,NA,0.07,8,NA,NA,NA,NA,NA,NA,NA,TRUE
median_value_10y,2026-M04,month,CHFL,CHFL,all,agegroup_tick,all,18,NA,0.21,26,NA,NA,NA,NA,NA,NA,NA,TRUE
median_value_10y,2026-M05,month,CHFL,CHFL,all,agegroup_tick,all,60,NA,0.66,76,NA,NA,NA,NA,NA,NA,NA,TRUE
median_value_10y,2026-M06,month,CHFL,CHFL,all,agegroup_tick,all,102,NA,1.16,192,NA,NA,NA,NA,NA,NA,NA,TRUE
median_value_10y,2026-M07,month,CHFL,CHFL,all,agegroup_tick,all,75,NA,0.86,264,NA,NA,NA,NA,NA,NA,NA,TRUE
median_value_10y,2026-M08,month,CHFL,CHFL,all,agegroup_tick,all,32,NA,0.36,302,NA,NA,NA,NA,NA,NA,NA,TRUE
max_value_10y,2022-M01,month,CHFL,CHFL,all,agegroup_tick,all,2,NA,0.02,2,NA,NA,NA,NA,NA,NA,NA,TRUE
max_value_10y,2022-M02,month,CHFL,CHFL,all,agegroup_tick,all,2,NA,0.02,3,NA,NA,NA,NA,NA,NA,NA,TRUE
max_value_10y,2022-M03,month,CHFL,CHFL,all,agegroup_tick,all,7,NA,0.08,9,NA,NA,NA,NA,NA,NA,NA,TRUE
max_value_10y,2022-M04,month,CHFL,CHFL,all,agegroup_tick,all,22,NA,0.25,31,NA,NA,NA,NA,NA,NA,NA,TRUE
max_value_10y,2022-M05,month,CHFL,CHFL,all,agegroup_tick,all,78,NA,0.9,109,NA,NA,NA,NA,NA,NA,NA,TRUE
max_value_10y,2022-M06,month,CHFL,CHFL,all,agegroup_tick,all,118,NA,1.33,224,NA,NA,NA,NA,NA,NA,NA,TRUE
max_value_10y,2022-M07,month,CHFL,CHFL,all,agegroup_tick,all,118,NA,1.35,342,NA,NA,NA,NA,NA,NA,NA,TRUE
max_value_10y,2022-M08,month,CHFL,CHFL,all,agegroup_tick,all,45,NA,0.52,387,NA,NA,NA,NA,NA,NA,NA,TRUE
max_value_10y,2022-M09,month,CHFL,CHFL,all,agegroup_tick,all,24,NA,0.29,409,NA,NA,NA,NA,NA,NA,NA,TRUE
max_value_10y,2022-M10,month,CHFL,CHFL,all,agegroup_tick,all,40,NA,0.47,419,NA,NA,NA,NA,NA,NA,NA,TRUE
max_value_10y,2022-M11,month,CHFL,CHFL,all,agegroup_tick,all,22,NA,0.25,431,NA,NA,NA,NA,NA,NA,NA,TRUE
max_value_10y,2022-M12,month,CHFL,CHFL,all,agegroup_tick,all,6,NA,0.07,433,NA,NA,NA,NA,NA,NA,NA,TRUE
max_value_10y,2023-M01,month,CHFL,CHFL,all,agegroup_tick,all,2,NA,0.02,2,NA,NA,NA,NA,NA,NA,NA,TRUE
max_value_10y,2023-M02,month,CHFL,CHFL,all,agegroup_tick,all,3,NA,0.03,5,NA,NA,NA,NA,NA,NA,NA,TRUE
max_value_10y,2023-M03,month,CHFL,CHFL,all,agegroup_tick,all,7,NA,0.08,11,NA,NA,NA,NA,NA,NA,NA,TRUE
max_value_10y,2023-M04,month,CHFL,CHFL,all,agegroup_tick,all,22,NA,0.25,31,NA,NA,NA,NA,NA,NA,NA,TRUE
max_value_10y,2023-M05,month,CHFL,CHFL,all,agegroup_tick,all,78,NA,0.9,109,NA,NA,NA,NA,NA,NA,NA,TRUE
max_value_10y,2023-M06,month,CHFL,CHFL,all,agegroup_tick,all,118,NA,1.33,224,NA,NA,NA,NA,NA,NA,NA,TRUE
max_value_10y,2023-M07,month,CHFL,CHFL,all,agegroup_tick,all,118,NA,1.35,342,NA,NA,NA,NA,NA,NA,NA,TRUE
max_value_10y,2023-M08,month,CHFL,CHFL,all,agegroup_tick,all,45,NA,0.52,387,NA,NA,NA,NA,NA,NA,NA,TRUE
max_value_10y,2023-M09,month,CHFL,CHFL,all,agegroup_tick,all,23,NA,0.27,409,NA,NA,NA,NA,NA,NA,NA,TRUE
max_value_10y,2023-M10,month,CHFL,CHFL,all,agegroup_tick,all,40,NA,0.47,419,NA,NA,NA,NA,NA,NA,NA,TRUE
max_value_10y,2023-M11,month,CHFL,CHFL,all,agegroup_tick,all,22,NA,0.25,431,NA,NA,NA,NA,NA,NA,NA,TRUE
max_value_10y,2023-M12,month,CHFL,CHFL,all,agegroup_tick,all,6,NA,0.07,433,NA,NA,NA,NA,NA,NA,NA,TRUE
max_value_10y,2024-M01,month,CHFL,CHFL,all,agegroup_tick,all,2,NA,0.02,2,NA,NA,NA,NA,NA,NA,NA,TRUE
max_value_10y,2024-M02,month,CHFL,CHFL,all,agegroup_tick,all,8,NA,0.09,10,NA,NA,NA,NA,NA,NA,NA,TRUE
max_value_10y,2024-M03,month,CHFL,CHFL,all,agegroup_tick,all,14,NA,0.15,24,NA,NA,NA,NA,NA,NA,NA,TRUE
max_value_10y,2024-M04,month,CHFL,CHFL,all,agegroup_tick,all,26,NA,0.29,50,NA,NA,NA,NA,NA,NA,NA,TRUE
max_value_10y,2024-M05,month,CHFL,CHFL,all,agegroup_tick,all,78,NA,0.9,114,NA,NA,NA,NA,NA,NA,NA,TRUE
max_value_10y,2024-M06,month,CHFL,CHFL,all,agegroup_tick,all,118,NA,1.33,224,NA,NA,NA,NA,NA,NA,NA,TRUE
max_value_10y,2024-M07,month,CHFL,CHFL,all,agegroup_tick,all,118,NA,1.35,342,NA,NA,NA,NA,NA,NA,NA,TRUE
max_value_10y,2024-M08,month,CHFL,CHFL,all,agegroup_tick,all,62,NA,0.68,387,NA,NA,NA,NA,NA,NA,NA,TRUE
max_value_10y,2024-M09,month,CHFL,CHFL,all,agegroup_tick,all,23,NA,0.27,409,NA,NA,NA,NA,NA,NA,NA,TRUE
max_value_10y,2024-M10,month,CHFL,CHFL,all,agegroup_tick,all,41,NA,0.47,419,NA,NA,NA,NA,NA,NA,NA,TRUE
max_value_10y,2024-M11,month,CHFL,CHFL,all,agegroup_tick,all,22,NA,0.25,431,NA,NA,NA,NA,NA,NA,NA,TRUE
max_value_10y,2024-M12,month,CHFL,CHFL,all,agegroup_tick,all,6,NA,0.07,433,NA,NA,NA,NA,NA,NA,NA,TRUE
max_value_10y,2025-M01,month,CHFL,CHFL,all,agegroup_tick,all,2,NA,0.02,2,NA,NA,NA,NA,NA,NA,NA,TRUE
max_value_10y,2025-M02,month,CHFL,CHFL,all,agegroup_tick,all,8,NA,0.09,10,NA,NA,NA,NA,NA,NA,NA,TRUE
max_value_10y,2025-M03,month,CHFL,CHFL,all,agegroup_tick,all,14,NA,0.15,24,NA,NA,NA,NA,NA,NA,NA,TRUE
max_value_10y,2025-M04,month,CHFL,CHFL,all,agegroup_tick,all,31,NA,0.34,50,NA,NA,NA,NA,NA,NA,NA,TRUE
max_value_10y,2025-M05,month,CHFL,CHFL,all,agegroup_tick,all,78,NA,0.9,114,NA,NA,NA,NA,NA,NA,NA,TRUE
max_value_10y,2025-M06,month,CHFL,CHFL,all,agegroup_tick,all,133,NA,1.46,242,NA,NA,NA,NA,NA,NA,NA,TRUE
max_value_10y,2025-M07,month,CHFL,CHFL,all,agegroup_tick,all,127,NA,1.4,369,NA,NA,NA,NA,NA,NA,NA,TRUE
max_value_10y,2025-M08,month,CHFL,CHFL,all,agegroup_tick,all,62,NA,0.68,431,NA,NA,NA,NA,NA,NA,NA,TRUE
max_value_10y,2025-M09,month,CHFL,CHFL,all,agegroup_tick,all,28,NA,0.31,459,NA,NA,NA,NA,NA,NA,NA,TRUE
max_value_10y,2025-M10,month,CHFL,CHFL,all,agegroup_tick,all,41,NA,0.47,489,NA,NA,NA,NA,NA,NA,NA,TRUE
max_value_10y,2025-M11,month,CHFL,CHFL,all,agegroup_tick,all,22,NA,0.25,500,NA,NA,NA,NA,NA,NA,NA,TRUE
max_value_10y,2025-M12,month,CHFL,CHFL,all,agegroup_tick,all,6,NA,0.07,502,NA,NA,NA,NA,NA,NA,NA,TRUE
max_value_10y,2026-M01,month,CHFL,CHFL,all,agegroup_tick,all,4,NA,0.04,4,NA,NA,NA,NA,NA,NA,NA,TRUE
max_value_10y,2026-M02,month,CHFL,CHFL,all,agegroup_tick,all,8,NA,0.09,10,NA,NA,NA,NA,NA,NA,NA,TRUE
max_value_10y,2026-M03,month,CHFL,CHFL,all,agegroup_tick,all,14,NA,0.15,24,NA,NA,NA,NA,NA,NA,NA,TRUE
max_value_10y,2026-M04,month,CHFL,CHFL,all,agegroup_tick,all,34,NA,0.37,52,NA,NA,NA,NA,NA,NA,NA,TRUE
max_value_10y,2026-M05,month,CHFL,CHFL,all,agegroup_tick,all,78,NA,0.9,117,NA,NA,NA,NA,NA,NA,NA,TRUE
max_value_10y,2026-M06,month,CHFL,CHFL,all,agegroup_tick,all,133,NA,1.46,243,NA,NA,NA,NA,NA,NA,NA,TRUE
max_value_10y,2026-M07,month,CHFL,CHFL,all,agegroup_tick,all,127,NA,1.4,369,NA,NA,NA,NA,NA,NA,NA,TRUE
max_value_10y,2026-M08,month,CHFL,CHFL,all,agegroup_tick,all,62,NA,0.68,431,NA,NA,NA,NA,NA,NA,NA,TRUE
cases,2013,year,AG,canton,all,agegroup_tick,all,14,636362,2.2,NA,NA,NA,6.9,NA,NA,NA,NA,TRUE
cases,2013,year,AI,canton,all,agegroup_tick,all,0,15778,0,NA,NA,NA,0,NA,NA,NA,NA,TRUE
cases,2013,year,AR,canton,all,agegroup_tick,all,2,53691,3.73,NA,NA,NA,1,NA,NA,NA,NA,TRUE
cases,2013,year,BE,canton,all,agegroup_tick,all,39,1001281,3.9,NA,NA,NA,19.3,NA,NA,NA,NA,TRUE
cases,2013,year,BL,canton,all,agegroup_tick,all,2,278656,0.72,NA,NA,NA,1,NA,NA,NA,NA,TRUE
cases,2013,year,BS,canton,all,agegroup_tick,all,0,189335,0,NA,NA,NA,0,NA,NA,NA,NA,TRUE
cases,2013,year,CH,country,all,agegroup_tick,all,202,8139631,2.48,NA,NA,NA,100,NA,NA,NA,NA,TRUE
cases,2013,year,CHFL,CHFL,all,agegroup_tick,all,202,8176573,2.47,NA,NA,NA,100,NA,NA,NA,NA,TRUE
cases,2013,year,FL,country,all,agegroup_tick,all,0,36942,0,NA,NA,NA,0,NA,NA,NA,NA,TRUE
cases,2013,year,FR,canton,all,agegroup_tick,all,6,297622,2.02,NA,NA,NA,3,NA,NA,NA,NA,TRUE
cases,2013,year,GE,canton,all,agegroup_tick,all,3,469433,0.64,NA,NA,NA,1.5,NA,NA,NA,NA,TRUE
cases,2013,year,GL,canton,all,agegroup_tick,all,0,39593,0,NA,NA,NA,0,NA,NA,NA,NA,TRUE
cases,2013,year,GR,canton,all,agegroup_tick,all,6,194959,3.08,NA,NA,NA,3,NA,NA,NA,NA,TRUE
cases,2013,year,JU,canton,all,agegroup_tick,all,0,71738,0,NA,NA,NA,0,NA,NA,NA,NA,TRUE
cases,2013,year,LU,canton,all,agegroup_tick,all,15,390349,3.84,NA,NA,NA,7.4,NA,NA,NA,NA,TRUE
cases,2013,year,NE,canton,all,agegroup_tick,all,4,176402,2.27,NA,NA,NA,2,NA,NA,NA,NA,TRUE
cases,2013,year,NW,canton,all,agegroup_tick,all,0,41888,0,NA,NA,NA,0,NA,NA,NA,NA,TRUE
cases,2013,year,OW,canton,all,agegroup_tick,all,1,36507,2.74,NA,NA,NA,0.5,NA,NA,NA,NA,TRUE
cases,2013,year,SG,canton,all,agegroup_tick,all,16,491699,3.25,NA,NA,NA,7.9,NA,NA,NA,NA,TRUE
cases,2013,year,SH,canton,all,agegroup_tick,all,2,78783,2.54,NA,NA,NA,1,NA,NA,NA,NA,TRUE
cases,2013,year,SO,canton,all,agegroup_tick,all,2,261437,0.77,NA,NA,NA,1,NA,NA,NA,NA,TRUE
cases,2013,year,SZ,canton,all,agegroup_tick,all,0,151396,0,NA,NA,NA,0,NA,NA,NA,NA,TRUE
cases,2013,year,TG,canton,all,agegroup_tick,all,24,260278,9.22,NA,NA,NA,11.9,NA,NA,NA,NA,TRUE
cases,2013,year,TI,canton,all,agegroup_tick,all,0,346539,0,NA,NA,NA,0,NA,NA,NA,NA,TRUE
cases,2013,year,UR,canton,all,agegroup_tick,all,3,35865,8.36,NA,NA,NA,1.5,NA,NA,NA,NA,TRUE
cases,2013,year,VD,canton,all,agegroup_tick,all,13,749373,1.73,NA,NA,NA,6.4,NA,NA,NA,NA,TRUE
cases,2013,year,VS,canton,all,agegroup_tick,all,3,327011,0.92,NA,NA,NA,1.5,NA,NA,NA,NA,TRUE
cases,2013,year,ZG,canton,all,agegroup_tick,all,0,118118,0,NA,NA,NA,0,NA,NA,NA,NA,TRUE
cases,2013,year,ZH,canton,all,agegroup_tick,all,47,1425538,3.3,NA,NA,NA,23.3,NA,NA,NA,NA,TRUE
cases,2014,year,AG,canton,all,agegroup_tick,all,9,645277,1.39,NA,NA,NA,8.3,NA,NA,NA,NA,TRUE
cases,2014,year,AI,canton,all,agegroup_tick,all,0,15854,0,NA,NA,NA,0,NA,NA,NA,NA,TRUE
cases,2014,year,AR,canton,all,agegroup_tick,all,1,54064,1.85,NA,NA,NA,0.9,NA,NA,NA,NA,TRUE
cases,2014,year,BE,canton,all,agegroup_tick,all,19,1009418,1.88,NA,NA,NA,17.4,NA,NA,NA,NA,TRUE
cases,2014,year,BL,canton,all,agegroup_tick,all,0,281301,0,NA,NA,NA,0,NA,NA,NA,NA,TRUE
cases,2014,year,BS,canton,all,agegroup_tick,all,3,190580,1.57,NA,NA,NA,2.8,NA,NA,NA,NA,TRUE
cases,2014,year,CH,country,all,agegroup_tick,all,109,8237666,1.32,NA,NA,NA,97.3,NA,NA,NA,NA,TRUE
cases,2014,year,CHFL,CHFL,all,agegroup_tick,all,112,8274608,1.35,NA,NA,NA,100,-90,-1.12,-45.3,NA,TRUE
cases,2014,year,FL,country,all,agegroup_tick,all,3,36942,8.12,NA,NA,NA,2.7,NA,NA,NA,NA,TRUE
cases,2014,year,FR,canton,all,agegroup_tick,all,1,303377,0.33,NA,NA,NA,0.9,NA,NA,NA,NA,TRUE
cases,2014,year,GE,canton,all,agegroup_tick,all,0,477385,0,NA,NA,NA,0,NA,NA,NA,NA,TRUE
cases,2014,year,GL,canton,all,agegroup_tick,all,0,39794,0,NA,NA,NA,0,NA,NA,NA,NA,TRUE
cases,2014,year,GR,canton,all,agegroup_tick,all,8,195886,4.08,NA,NA,NA,7.3,NA,NA,NA,NA,TRUE
cases,2014,year,JU,canton,all,agegroup_tick,all,1,72410,1.38,NA,NA,NA,0.9,NA,NA,NA,NA,TRUE
cases,2014,year,LU,canton,all,agegroup_tick,all,8,394604,2.03,NA,NA,NA,7.3,NA,NA,NA,NA,TRUE
cases,2014,year,NE,canton,all,agegroup_tick,all,2,177327,1.13,NA,NA,NA,1.8,NA,NA,NA,NA,TRUE
cases,2014,year,NW,canton,all,agegroup_tick,all,0,42080,0,NA,NA,NA,0,NA,NA,NA,NA,TRUE
cases,2014,year,OW,canton,all,agegroup_tick,all,1,36834,2.71,NA,NA,NA,0.9,NA,NA,NA,NA,TRUE
cases,2014,year,SG,canton,all,agegroup_tick,all,12,495824,2.42,NA,NA,NA,11,NA,NA,NA,NA,TRUE
cases,2014,year,SH,canton,all,agegroup_tick,all,1,79417,1.26,NA,NA,NA,0.9,NA,NA,NA,NA,TRUE
cases,2014,year,SO,canton,all,agegroup_tick,all,0,263719,0,NA,NA,NA,0,NA,NA,NA,NA,TRUE
cases,2014,year,SZ,canton,all,agegroup_tick,all,1,152759,0.65,NA,NA,NA,0.9,NA,NA,NA,NA,TRUE
cases,2014,year,TG,canton,all,agegroup_tick,all,7,263733,2.65,NA,NA,NA,6.4,NA,NA,NA,NA,TRUE
cases,2014,year,TI,canton,all,agegroup_tick,all,0,350363,0,NA,NA,NA,0,NA,NA,NA,NA,TRUE
cases,2014,year,UR,canton,all,agegroup_tick,all,4,36008,11.11,NA,NA,NA,3.7,NA,NA,NA,NA,TRUE
cases,2014,year,VD,canton,all,agegroup_tick,all,3,761446,0.39,NA,NA,NA,2.8,NA,NA,NA,NA,TRUE
cases,2014,year,VS,canton,all,agegroup_tick,all,3,331763,0.9,NA,NA,NA,2.8,NA,NA,NA,NA,TRUE
cases,2014,year,ZG,canton,all,agegroup_tick,all,0,120089,0,NA,NA,NA,0,NA,NA,NA,NA,TRUE
cases,2014,year,ZH,canton,all,agegroup_tick,all,25,1446354,1.73,NA,NA,NA,22.9,NA,NA,NA,NA,TRUE
cases,2015,year,AG,canton,all,agegroup_tick,all,11,653541,1.68,NA,11.3,NA,9.1,NA,NA,NA,NA,TRUE
cases,2015,year,AI,canton,all,agegroup_tick,all,0,15973,0,NA,0,NA,0,NA,NA,NA,NA,TRUE
cases,2015,year,AR,canton,all,agegroup_tick,all,2,54530,3.67,NA,1.7,NA,1.7,NA,NA,NA,NA,TRUE
cases,2015,year,BE,canton,all,agegroup_tick,all,24,1017183,2.36,NA,27.3,NA,19.8,NA,NA,NA,NA,TRUE
cases,2015,year,BL,canton,all,agegroup_tick,all,0,283157,0,NA,0.7,NA,0,NA,NA,NA,NA,TRUE
cases,2015,year,BS,canton,all,agegroup_tick,all,0,191757,0,NA,1,NA,0,NA,NA,NA,NA,TRUE
cases,2015,year,CH,country,all,agegroup_tick,all,121,8325194,1.45,NA,144,NA,99.2,NA,NA,NA,NA,TRUE
cases,2015,year,CHFL,CHFL,all,agegroup_tick,all,122,8362816,1.46,NA,145.3,NA,100,10,0.11,8.1,NA,TRUE
cases,2015,year,FL,country,all,agegroup_tick,all,1,37622,2.66,NA,1.3,NA,0.8,NA,NA,NA,NA,TRUE
cases,2015,year,FR,canton,all,agegroup_tick,all,6,307409,1.95,NA,4.3,NA,5,NA,NA,NA,NA,TRUE
cases,2015,year,GE,canton,all,agegroup_tick,all,1,484445,0.21,NA,1.3,NA,0.8,NA,NA,NA,NA,TRUE
cases,2015,year,GL,canton,all,agegroup_tick,all,1,40021,2.5,NA,0.3,NA,0.8,NA,NA,NA,NA,TRUE
cases,2015,year,GR,canton,all,agegroup_tick,all,6,196564,3.05,NA,6.7,NA,5,NA,NA,NA,NA,TRUE
cases,2015,year,JU,canton,all,agegroup_tick,all,0,72771,0,NA,0.3,NA,0,NA,NA,NA,NA,TRUE
cases,2015,year,LU,canton,all,agegroup_tick,all,8,398699,2.01,NA,10.3,NA,6.6,NA,NA,NA,NA,TRUE
cases,2015,year,NE,canton,all,agegroup_tick,all,2,178073,1.12,NA,2.7,NA,1.7,NA,NA,NA,NA,TRUE
cases,2015,year,NW,canton,all,agegroup_tick,all,2,42416,4.72,NA,0.7,NA,1.7,NA,NA,NA,NA,TRUE
cases,2015,year,OW,canton,all,agegroup_tick,all,2,37071,5.4,NA,1.3,NA,1.7,NA,NA,NA,NA,TRUE
cases,2015,year,SG,canton,all,agegroup_tick,all,16,499006,3.21,NA,14.7,NA,13.2,NA,NA,NA,NA,TRUE
cases,2015,year,SH,canton,all,agegroup_tick,all,1,79828,1.25,NA,1.3,NA,0.8,NA,NA,NA,NA,TRUE
cases,2015,year,SO,canton,all,agegroup_tick,all,2,266369,0.75,NA,1.3,NA,1.7,NA,NA,NA,NA,TRUE
cases,2015,year,SZ,canton,all,agegroup_tick,all,1,154073,0.65,NA,0.7,NA,0.8,NA,NA,NA,NA,TRUE
cases,2015,year,TG,canton,all,agegroup_tick,all,11,267393,4.11,NA,14,NA,9.1,NA,NA,NA,NA,TRUE
cases,2015,year,TI,canton,all,agegroup_tick,all,0,351894,0,NA,0,NA,0,NA,NA,NA,NA,TRUE
cases,2015,year,UR,canton,all,agegroup_tick,all,4,35971,11.12,NA,3.7,NA,3.3,NA,NA,NA,NA,TRUE
cases,2015,year,VD,canton,all,agegroup_tick,all,5,773239,0.65,NA,7,NA,4.1,NA,NA,NA,NA,TRUE
cases,2015,year,VS,canton,all,agegroup_tick,all,3,335622,0.89,NA,3,NA,2.5,NA,NA,NA,NA,TRUE
cases,2015,year,ZG,canton,all,agegroup_tick,all,0,122113,0,NA,0,NA,0,NA,NA,NA,NA,TRUE
cases,2015,year,ZH,canton,all,agegroup_tick,all,13,1466076,0.89,NA,28.3,NA,10.7,NA,NA,NA,NA,TRUE
cases,2016,year,AG,canton,all,agegroup_tick,all,17,663462,2.56,NA,12.3,NA,8.5,NA,NA,NA,NA,TRUE
cases,2016,year,AI,canton,all,agegroup_tick,all,1,16003,6.25,NA,0.3,NA,0.5,NA,NA,NA,NA,TRUE
cases,2016,year,AR,canton,all,agegroup_tick,all,2,54954,3.64,NA,1.7,NA,1,NA,NA,NA,NA,TRUE
cases,2016,year,BE,canton,all,agegroup_tick,all,30,1026513,2.92,NA,24.3,NA,15,NA,NA,NA,NA,TRUE
cases,2016,year,BL,canton,all,agegroup_tick,all,0,285624,0,NA,0,NA,0,NA,NA,NA,NA,TRUE
cases,2016,year,BS,canton,all,agegroup_tick,all,2,193070,1.04,NA,1.7,NA,1,NA,NA,NA,NA,TRUE
cases,2016,year,CH,country,all,agegroup_tick,all,200,8419550,2.38,NA,143.3,NA,99.5,NA,NA,NA,NA,TRUE
cases,2016,year,CHFL,CHFL,all,agegroup_tick,all,201,8457360,2.38,NA,145,stagnant,100,79,0.92,63,NA,TRUE
cases,2016,year,FL,country,all,agegroup_tick,all,1,37810,2.64,NA,1.7,NA,0.5,NA,NA,NA,NA,TRUE
cases,2016,year,FR,canton,all,agegroup_tick,all,12,311914,3.85,NA,6.3,NA,6,NA,NA,NA,NA,TRUE
cases,2016,year,GE,canton,all,agegroup_tick,all,0,489524,0,NA,0.3,NA,0,NA,NA,NA,NA,TRUE
cases,2016,year,GL,canton,all,agegroup_tick,all,0,40147,0,NA,0.3,NA,0,NA,NA,NA,NA,TRUE
cases,2016,year,GR,canton,all,agegroup_tick,all,12,197550,6.07,NA,8.7,NA,6,NA,NA,NA,NA,TRUE
cases,2016,year,JU,canton,all,agegroup_tick,all,2,73122,2.74,NA,1,NA,1,NA,NA,NA,NA,TRUE
cases,2016,year,LU,canton,all,agegroup_tick,all,17,403397,4.21,NA,11,NA,8.5,NA,NA,NA,NA,TRUE
cases,2016,year,NE,canton,all,agegroup_tick,all,4,178567,2.24,NA,2.7,NA,2,NA,NA,NA,NA,TRUE
cases,2016,year,NW,canton,all,agegroup_tick,all,3,42556,7.05,NA,1.7,NA,1.5,NA,NA,NA,NA,TRUE
cases,2016,year,OW,canton,all,agegroup_tick,all,1,37378,2.68,NA,1.3,NA,0.5,NA,NA,NA,NA,TRUE
cases,2016,year,SG,canton,all,agegroup_tick,all,20,502552,3.98,NA,16,NA,10,NA,NA,NA,NA,TRUE
cases,2016,year,SH,canton,all,agegroup_tick,all,1,80769,1.24,NA,1,NA,0.5,NA,NA,NA,NA,TRUE
cases,2016,year,SO,canton,all,agegroup_tick,all,4,269441,1.48,NA,2,NA,2,NA,NA,NA,NA,TRUE
cases,2016,year,SZ,canton,all,agegroup_tick,all,4,155863,2.57,NA,2,NA,2,NA,NA,NA,NA,TRUE
cases,2016,year,TG,canton,all,agegroup_tick,all,16,270709,5.91,NA,11.3,NA,8,NA,NA,NA,NA,TRUE
cases,2016,year,TI,canton,all,agegroup_tick,all,0,354375,0,NA,0,NA,0,NA,NA,NA,NA,TRUE
cases,2016,year,UR,canton,all,agegroup_tick,all,4,36145,11.07,NA,4,NA,2,NA,NA,NA,NA,TRUE
cases,2016,year,VD,canton,all,agegroup_tick,all,10,784822,1.27,NA,6,NA,5,NA,NA,NA,NA,TRUE
cases,2016,year,VS,canton,all,agegroup_tick,all,0,339176,0,NA,2,NA,0,NA,NA,NA,NA,TRUE
cases,2016,year,ZG,canton,all,agegroup_tick,all,1,123948,0.81,NA,0.3,NA,0.5,NA,NA,NA,NA,TRUE
cases,2016,year,ZH,canton,all,agegroup_tick,all,37,1487969,2.49,NA,25,NA,18.5,NA,NA,NA,NA,TRUE
cases,2017,year,AG,canton,all,agegroup_tick,all,28,670988,4.17,NA,18.7,NA,10.4,NA,NA,NA,NA,TRUE
cases,2017,year,AI,canton,all,agegroup_tick,all,0,16105,0,NA,0.3,NA,0,NA,NA,NA,NA,TRUE
cases,2017,year,AR,canton,all,agegroup_tick,all,1,55178,1.81,NA,1.7,NA,0.4,NA,NA,NA,NA,TRUE
cases,2017,year,BE,canton,all,agegroup_tick,all,48,1031126,4.66,NA,34,NA,17.8,NA,NA,NA,NA,TRUE
cases,2017,year,BL,canton,all,agegroup_tick,all,2,287023,0.7,NA,0.7,NA,0.7,NA,NA,NA,NA,TRUE
cases,2017,year,BS,canton,all,agegroup_tick,all,0,193908,0,NA,0.7,NA,0,NA,NA,NA,NA,TRUE
cases,2017,year,CH,country,all,agegroup_tick,all,270,8484130,3.18,NA,197,NA,100,NA,NA,NA,NA,TRUE
cases,2017,year,CHFL,CHFL,all,agegroup_tick,all,270,8522244,3.17,NA,197.7,rising,100,69,0.79,33.2,181.4,TRUE
cases,2017,year,FL,country,all,agegroup_tick,all,0,38114,0,NA,0.7,NA,0,NA,NA,NA,NA,TRUE
cases,2017,year,FR,canton,all,agegroup_tick,all,4,315074,1.27,NA,7.3,NA,1.5,NA,NA,NA,NA,TRUE
cases,2017,year,GE,canton,all,agegroup_tick,all,0,495249,0,NA,0.3,NA,0,NA,NA,NA,NA,TRUE
cases,2017,year,GL,canton,all,agegroup_tick,all,0,40349,0,NA,0.3,NA,0,NA,NA,NA,NA,TRUE
cases,2017,year,GR,canton,all,agegroup_tick,all,14,197888,7.07,NA,10.7,NA,5.2,NA,NA,NA,NA,TRUE
cases,2017,year,JU,canton,all,agegroup_tick,all,3,73290,4.09,NA,1.7,NA,1.1,NA,NA,NA,NA,TRUE
cases,2017,year,LU,canton,all,agegroup_tick,all,21,406506,5.17,NA,15.3,NA,7.8,NA,NA,NA,NA,TRUE
cases,2017,year,NE,canton,all,agegroup_tick,all,0,177964,0,NA,2,NA,0,NA,NA,NA,NA,TRUE
cases,2017,year,NW,canton,all,agegroup_tick,all,3,42969,6.98,NA,2.7,NA,1.1,NA,NA,NA,NA,TRUE
cases,2017,year,OW,canton,all,agegroup_tick,all,3,37575,7.98,NA,2,NA,1.1,NA,NA,NA,NA,TRUE
cases,2017,year,SG,canton,all,agegroup_tick,all,29,504686,5.75,NA,21.7,NA,10.7,NA,NA,NA,NA,TRUE
cases,2017,year,SH,canton,all,agegroup_tick,all,2,81351,2.46,NA,1.3,NA,0.7,NA,NA,NA,NA,TRUE
cases,2017,year,SO,canton,all,agegroup_tick,all,7,271432,2.58,NA,4.3,NA,2.6,NA,NA,NA,NA,TRUE
cases,2017,year,SZ,canton,all,agegroup_tick,all,4,157301,2.54,NA,3,NA,1.5,NA,NA,NA,NA,TRUE
cases,2017,year,TG,canton,all,agegroup_tick,all,20,273801,7.3,NA,15.7,NA,7.4,NA,NA,NA,NA,TRUE
cases,2017,year,TI,canton,all,agegroup_tick,all,1,353709,0.28,NA,0.3,NA,0.4,NA,NA,NA,NA,TRUE
cases,2017,year,UR,canton,all,agegroup_tick,all,8,36299,22.04,NA,5.3,NA,3,NA,NA,NA,NA,TRUE
cases,2017,year,VD,canton,all,agegroup_tick,all,9,793129,1.13,NA,8,NA,3.3,NA,NA,NA,NA,TRUE
cases,2017,year,VS,canton,all,agegroup_tick,all,2,341463,0.59,NA,1.7,NA,0.7,NA,NA,NA,NA,TRUE
cases,2017,year,ZG,canton,all,agegroup_tick,all,1,125421,0.8,NA,0.7,NA,0.4,NA,NA,NA,NA,TRUE
cases,2017,year,ZH,canton,all,agegroup_tick,all,60,1504346,3.99,NA,36.7,NA,22.2,NA,NA,NA,NA,TRUE
cases,2018,year,AG,canton,all,agegroup_tick,all,45,678207,6.64,NA,30,NA,12.6,NA,NA,NA,NA,TRUE
cases,2018,year,AI,canton,all,agegroup_tick,all,1,16145,6.19,NA,0.7,NA,0.3,NA,NA,NA,NA,TRUE
cases,2018,year,AR,canton,all,agegroup_tick,all,3,55234,5.43,NA,2,NA,0.8,NA,NA,NA,NA,TRUE
cases,2018,year,BE,canton,all,agegroup_tick,all,63,1034977,6.09,NA,47,NA,17.7,NA,NA,NA,NA,TRUE
cases,2018,year,BL,canton,all,agegroup_tick,all,0,288132,0,NA,0.7,NA,0,NA,NA,NA,NA,TRUE
cases,2018,year,BS,canton,all,agegroup_tick,all,4,194766,2.05,NA,2,NA,1.1,NA,NA,NA,NA,TRUE
cases,2018,year,CH,country,all,agegroup_tick,all,356,8544527,4.17,NA,275.3,NA,99.7,NA,NA,NA,NA,TRUE
cases,2018,year,CHFL,CHFL,all,agegroup_tick,all,357,8582905,4.16,NA,276,rising,100,87,0.99,31.2,212.4,TRUE
cases,2018,year,FL,country,all,agegroup_tick,all,1,38378,2.61,NA,0.7,NA,0.3,NA,NA,NA,NA,TRUE
cases,2018,year,FR,canton,all,agegroup_tick,all,18,318714,5.65,NA,11.3,NA,5.1,NA,NA,NA,NA,TRUE
cases,2018,year,GE,canton,all,agegroup_tick,all,1,499480,0.2,NA,0.3,NA,0.3,NA,NA,NA,NA,TRUE
cases,2018,year,GL,canton,all,agegroup_tick,all,2,40403,4.95,NA,0.7,NA,0.6,NA,NA,NA,NA,TRUE
cases,2018,year,GR,canton,all,agegroup_tick,all,19,198379,9.58,NA,15,NA,5.3,NA,NA,NA,NA,TRUE
cases,2018,year,JU,canton,all,agegroup_tick,all,2,73419,2.72,NA,2.3,NA,0.6,NA,NA,NA,NA,TRUE
cases,2018,year,LU,canton,all,agegroup_tick,all,25,409557,6.1,NA,21,NA,7,NA,NA,NA,NA,TRUE
cases,2018,year,NE,canton,all,agegroup_tick,all,7,176850,3.96,NA,3.7,NA,2,NA,NA,NA,NA,TRUE
cases,2018,year,NW,canton,all,agegroup_tick,all,1,43223,2.31,NA,2.3,NA,0.3,NA,NA,NA,NA,TRUE
cases,2018,year,OW,canton,all,agegroup_tick,all,1,37841,2.64,NA,1.7,NA,0.3,NA,NA,NA,NA,TRUE
cases,2018,year,SG,canton,all,agegroup_tick,all,37,507697,7.29,NA,28.7,NA,10.4,NA,NA,NA,NA,TRUE
cases,2018,year,SH,canton,all,agegroup_tick,all,5,81991,6.1,NA,2.7,NA,1.4,NA,NA,NA,NA,TRUE
cases,2018,year,SO,canton,all,agegroup_tick,all,4,273194,1.46,NA,5,NA,1.1,NA,NA,NA,NA,TRUE
cases,2018,year,SZ,canton,all,agegroup_tick,all,1,159165,0.63,NA,3,NA,0.3,NA,NA,NA,NA,TRUE
cases,2018,year,TG,canton,all,agegroup_tick,all,23,276472,8.32,NA,19.7,NA,6.5,NA,NA,NA,NA,TRUE
cases,2018,year,TI,canton,all,agegroup_tick,all,0,353343,0,NA,0.3,NA,0,NA,NA,NA,NA,TRUE
cases,2018,year,UR,canton,all,agegroup_tick,all,9,36433,24.7,NA,7,NA,2.5,NA,NA,NA,NA,TRUE
cases,2018,year,VD,canton,all,agegroup_tick,all,17,799145,2.13,NA,12,NA,4.8,NA,NA,NA,NA,TRUE
cases,2018,year,VS,canton,all,agegroup_tick,all,2,343955,0.58,NA,1.3,NA,0.6,NA,NA,NA,NA,TRUE
cases,2018,year,ZG,canton,all,agegroup_tick,all,3,126837,2.37,NA,1.7,NA,0.8,NA,NA,NA,NA,TRUE
cases,2018,year,ZH,canton,all,agegroup_tick,all,63,1520968,4.14,NA,53.3,NA,17.7,NA,NA,NA,NA,TRUE
cases,2019,year,AG,canton,all,agegroup_tick,all,23,685845,3.35,NA,32,NA,9.5,NA,NA,NA,NA,TRUE
cases,2019,year,AI,canton,all,agegroup_tick,all,1,16128,6.2,NA,0.7,NA,0.4,NA,NA,NA,NA,TRUE
cases,2019,year,AR,canton,all,agegroup_tick,all,3,55445,5.41,NA,2.3,NA,1.2,NA,NA,NA,NA,TRUE
cases,2019,year,BE,canton,all,agegroup_tick,all,30,1039474,2.89,NA,47,NA,12.3,NA,NA,NA,NA,TRUE
cases,2019,year,BL,canton,all,agegroup_tick,all,2,289468,0.69,NA,1.3,NA,0.8,NA,NA,NA,NA,TRUE
cases,2019,year,BS,canton,all,agegroup_tick,all,0,195844,0,NA,1.3,NA,0,NA,NA,NA,NA,TRUE
cases,2019,year,CH,country,all,agegroup_tick,all,243,8606033,2.82,NA,289.7,NA,99.6,NA,NA,NA,NA,TRUE
cases,2019,year,CHFL,CHFL,all,agegroup_tick,all,244,8644780,2.82,NA,290.3,rising,100,-113,-1.34,-32.2,238.8,TRUE
cases,2019,year,FL,country,all,agegroup_tick,all,1,38747,2.58,NA,0.7,NA,0.4,NA,NA,NA,NA,TRUE
cases,2019,year,FR,canton,all,agegroup_tick,all,13,321783,4.04,NA,11.7,NA,5.3,NA,NA,NA,NA,TRUE
cases,2019,year,GE,canton,all,agegroup_tick,all,0,504128,0,NA,0.3,NA,0,NA,NA,NA,NA,TRUE
cases,2019,year,GL,canton,all,agegroup_tick,all,1,40590,2.46,NA,1,NA,0.4,NA,NA,NA,NA,TRUE
cases,2019,year,GR,canton,all,agegroup_tick,all,10,199021,5.02,NA,14.3,NA,4.1,NA,NA,NA,NA,TRUE
cases,2019,year,JU,canton,all,agegroup_tick,all,1,73584,1.36,NA,2,NA,0.4,NA,NA,NA,NA,TRUE
cases,2019,year,LU,canton,all,agegroup_tick,all,29,413120,7.02,NA,25,NA,11.9,NA,NA,NA,NA,TRUE
cases,2019,year,NE,canton,all,agegroup_tick,all,6,176496,3.4,NA,4.3,NA,2.5,NA,NA,NA,NA,TRUE
cases,2019,year,NW,canton,all,agegroup_tick,all,2,43087,4.64,NA,2,NA,0.8,NA,NA,NA,NA,TRUE
cases,2019,year,OW,canton,all,agegroup_tick,all,1,37930,2.64,NA,1.7,NA,0.4,NA,NA,NA,NA,TRUE
cases,2019,year,SG,canton,all,agegroup_tick,all,20,510734,3.92,NA,28.7,NA,8.2,NA,NA,NA,NA,TRUE
cases,2019,year,SH,canton,all,agegroup_tick,all,3,82348,3.64,NA,3.3,NA,1.2,NA,NA,NA,NA,TRUE
cases,2019,year,SO,canton,all,agegroup_tick,all,4,275247,1.45,NA,5,NA,1.6,NA,NA,NA,NA,TRUE
cases,2019,year,SZ,canton,all,agegroup_tick,all,3,160480,1.87,NA,2.7,NA,1.2,NA,NA,NA,NA,TRUE
cases,2019,year,TG,canton,all,agegroup_tick,all,23,279547,8.23,NA,22,NA,9.5,NA,NA,NA,NA,TRUE
cases,2019,year,TI,canton,all,agegroup_tick,all,0,351491,0,NA,0.3,NA,0,NA,NA,NA,NA,TRUE
cases,2019,year,UR,canton,all,agegroup_tick,all,2,36703,5.45,NA,6.3,NA,0.8,NA,NA,NA,NA,TRUE
cases,2019,year,VD,canton,all,agegroup_tick,all,18,805098,2.24,NA,14.7,NA,7.4,NA,NA,NA,NA,TRUE
cases,2019,year,VS,canton,all,agegroup_tick,all,1,345525,0.29,NA,1.7,NA,0.4,NA,NA,NA,NA,TRUE
cases,2019,year,ZG,canton,all,agegroup_tick,all,1,127642,0.78,NA,1.7,NA,0.4,NA,NA,NA,NA,TRUE
cases,2019,year,ZH,canton,all,agegroup_tick,all,46,1539275,2.99,NA,56.3,NA,18.9,NA,NA,NA,NA,TRUE
cases,2020,year,AG,canton,all,agegroup_tick,all,31,694072,4.47,NA,33,NA,7.2,NA,NA,NA,NA,TRUE
cases,2020,year,AI,canton,all,agegroup_tick,all,1,16293,6.14,NA,1,NA,0.2,NA,NA,NA,NA,TRUE
cases,2020,year,AR,canton,all,agegroup_tick,all,5,55309,9.04,NA,3.7,NA,1.2,NA,NA,NA,NA,TRUE
cases,2020,year,BE,canton,all,agegroup_tick,all,69,1043132,6.61,NA,54,NA,16,NA,NA,NA,NA,TRUE
cases,2020,year,BL,canton,all,agegroup_tick,all,0,290969,0,NA,0.7,NA,0,NA,NA,NA,NA,TRUE
cases,2020,year,BS,canton,all,agegroup_tick,all,4,196735,2.03,NA,2.7,NA,0.9,NA,NA,NA,NA,TRUE
cases,2020,year,CH,country,all,agegroup_tick,all,432,8670300,4.98,NA,343.7,NA,99.8,NA,NA,NA,NA,TRUE
cases,2020,year,CHFL,CHFL,all,agegroup_tick,all,433,8709355,4.97,NA,344.7,rising,100,189,2.15,76.2,301,TRUE
cases,2020,year,FL,country,all,agegroup_tick,all,1,39055,2.56,NA,1,NA,0.2,NA,NA,NA,NA,TRUE
cases,2020,year,FR,canton,all,agegroup_tick,all,13,325496,3.99,NA,14.7,NA,3,NA,NA,NA,NA,TRUE
cases,2020,year,GE,canton,all,agegroup_tick,all,1,506343,0.2,NA,0.7,NA,0.2,NA,NA,NA,NA,TRUE
cases,2020,year,GL,canton,all,agegroup_tick,all,3,40851,7.34,NA,2,NA,0.7,NA,NA,NA,NA,TRUE
cases,2020,year,GR,canton,all,agegroup_tick,all,19,200096,9.5,NA,16,NA,4.4,NA,NA,NA,NA,TRUE
cases,2020,year,JU,canton,all,agegroup_tick,all,2,73709,2.71,NA,1.7,NA,0.5,NA,NA,NA,NA,TRUE
cases,2020,year,LU,canton,all,agegroup_tick,all,38,416347,9.13,NA,30.7,NA,8.8,NA,NA,NA,NA,TRUE
cases,2020,year,NE,canton,all,agegroup_tick,all,17,175894,9.66,NA,10,NA,3.9,NA,NA,NA,NA,TRUE
cases,2020,year,NW,canton,all,agegroup_tick,all,4,43520,9.19,NA,2.3,NA,0.9,NA,NA,NA,NA,TRUE
cases,2020,year,OW,canton,all,agegroup_tick,all,1,38108,2.62,NA,1,NA,0.2,NA,NA,NA,NA,TRUE
cases,2020,year,SG,canton,all,agegroup_tick,all,40,514504,7.77,NA,32.3,NA,9.3,NA,NA,NA,NA,TRUE
cases,2020,year,SH,canton,all,agegroup_tick,all,4,83107,4.81,NA,4,NA,0.9,NA,NA,NA,NA,TRUE
cases,2020,year,SO,canton,all,agegroup_tick,all,8,277462,2.88,NA,5.3,NA,1.9,NA,NA,NA,NA,TRUE
cases,2020,year,SZ,canton,all,agegroup_tick,all,2,162157,1.23,NA,2,NA,0.5,NA,NA,NA,NA,TRUE
cases,2020,year,TG,canton,all,agegroup_tick,all,38,282909,13.43,NA,28,NA,8.8,NA,NA,NA,NA,TRUE
cases,2020,year,TI,canton,all,agegroup_tick,all,0,350986,0,NA,0,NA,0,NA,NA,NA,NA,TRUE
cases,2020,year,UR,canton,all,agegroup_tick,all,8,36819,21.73,NA,6.3,NA,1.9,NA,NA,NA,NA,TRUE
cases,2020,year,VD,canton,all,agegroup_tick,all,22,814762,2.7,NA,19,NA,5.1,NA,NA,NA,NA,TRUE
cases,2020,year,VS,canton,all,agegroup_tick,all,4,348503,1.15,NA,2.3,NA,0.9,NA,NA,NA,NA,TRUE
cases,2020,year,ZG,canton,all,agegroup_tick,all,5,128794,3.88,NA,3,NA,1.2,NA,NA,NA,NA,TRUE
cases,2020,year,ZH,canton,all,agegroup_tick,all,93,1553423,5.99,NA,67.3,NA,21.5,NA,NA,NA,NA,TRUE
cases,2021,year,AG,canton,all,agegroup_tick,all,24,703086,3.41,NA,26,NA,8.9,NA,NA,NA,NA,TRUE
cases,2021,year,AI,canton,all,agegroup_tick,all,0,16360,0,NA,0.7,NA,0,NA,NA,NA,NA,TRUE
cases,2021,year,AR,canton,all,agegroup_tick,all,2,55585,3.6,NA,3.3,NA,0.7,NA,NA,NA,NA,TRUE
cases,2021,year,BE,canton,all,agegroup_tick,all,36,1047473,3.44,NA,45,NA,13.3,NA,NA,NA,NA,TRUE
cases,2021,year,BL,canton,all,agegroup_tick,all,3,292817,1.02,NA,1.7,NA,1.1,NA,NA,NA,NA,TRUE
cases,2021,year,BS,canton,all,agegroup_tick,all,0,196036,0,NA,1.3,NA,0,NA,NA,NA,NA,TRUE
cases,2021,year,CH,country,all,agegroup_tick,all,271,8738791,3.1,NA,315.3,NA,99.3,NA,NA,NA,NA,TRUE
cases,2021,year,CHFL,CHFL,all,agegroup_tick,all,273,8778099,3.11,NA,316.7,stagnant,100,-160,-1.86,-37.4,315.4,TRUE
cases,2021,year,FL,country,all,agegroup_tick,all,2,39308,5.09,NA,1.3,NA,0.7,NA,NA,NA,NA,TRUE
cases,2021,year,FR,canton,all,agegroup_tick,all,5,329809,1.52,NA,10.3,NA,1.8,NA,NA,NA,NA,TRUE
cases,2021,year,GE,canton,all,agegroup_tick,all,2,509448,0.39,NA,1,NA,0.7,NA,NA,NA,NA,TRUE
cases,2021,year,GL,canton,all,agegroup_tick,all,1,41190,2.43,NA,1.7,NA,0.4,NA,NA,NA,NA,TRUE
cases,2021,year,GR,canton,all,agegroup_tick,all,12,201376,5.96,NA,13.7,NA,4.4,NA,NA,NA,NA,TRUE
cases,2021,year,JU,canton,all,agegroup_tick,all,2,73798,2.71,NA,1.7,NA,0.7,NA,NA,NA,NA,TRUE
cases,2021,year,LU,canton,all,agegroup_tick,all,22,420326,5.23,NA,29.7,NA,8.1,NA,NA,NA,NA,TRUE
cases,2021,year,NE,canton,all,agegroup_tick,all,5,176166,2.84,NA,9.3,NA,1.8,NA,NA,NA,NA,TRUE
cases,2021,year,NW,canton,all,agegroup_tick,all,1,43894,2.28,NA,2.3,NA,0.4,NA,NA,NA,NA,TRUE
cases,2021,year,OW,canton,all,agegroup_tick,all,1,38435,2.6,NA,1,NA,0.4,NA,NA,NA,NA,TRUE
cases,2021,year,SG,canton,all,agegroup_tick,all,31,519245,5.97,NA,30.3,NA,11.4,NA,NA,NA,NA,TRUE
cases,2021,year,SH,canton,all,agegroup_tick,all,4,83995,4.76,NA,3.7,NA,1.5,NA,NA,NA,NA,TRUE
cases,2021,year,SO,canton,all,agegroup_tick,all,9,280245,3.21,NA,7,NA,3.3,NA,NA,NA,NA,TRUE
cases,2021,year,SZ,canton,all,agegroup_tick,all,2,163689,1.22,NA,2.3,NA,0.7,NA,NA,NA,NA,TRUE
cases,2021,year,TG,canton,all,agegroup_tick,all,18,285964,6.29,NA,26.3,NA,6.6,NA,NA,NA,NA,TRUE
cases,2021,year,TI,canton,all,agegroup_tick,all,1,352181,0.28,NA,0.3,NA,0.4,NA,NA,NA,NA,TRUE
cases,2021,year,UR,canton,all,agegroup_tick,all,1,37047,2.7,NA,3.7,NA,0.4,NA,NA,NA,NA,TRUE
cases,2021,year,VD,canton,all,agegroup_tick,all,12,822968,1.46,NA,17.3,NA,4.4,NA,NA,NA,NA,TRUE
cases,2021,year,VS,canton,all,agegroup_tick,all,8,353209,2.26,NA,4.3,NA,3,NA,NA,NA,NA,TRUE
cases,2021,year,ZG,canton,all,agegroup_tick,all,1,129787,0.77,NA,2.3,NA,0.4,NA,NA,NA,NA,TRUE
cases,2021,year,ZH,canton,all,agegroup_tick,all,68,1564662,4.35,NA,69,NA,25.1,NA,NA,NA,NA,TRUE
cases,2022,year,AG,canton,all,agegroup_tick,all,33,711232,4.64,NA,29.3,NA,8.7,NA,NA,NA,NA,TRUE
cases,2022,year,AI,canton,all,agegroup_tick,all,1,16416,6.09,NA,0.7,NA,0.3,NA,NA,NA,NA,TRUE
cases,2022,year,AR,canton,all,agegroup_tick,all,5,55759,8.97,NA,4,NA,1.3,NA,NA,NA,NA,TRUE
cases,2022,year,BE,canton,all,agegroup_tick,all,72,1051437,6.85,NA,59,NA,18.9,NA,NA,NA,NA,TRUE
cases,2022,year,BL,canton,all,agegroup_tick,all,5,294417,1.7,NA,2.7,NA,1.3,NA,NA,NA,NA,TRUE
cases,2022,year,BS,canton,all,agegroup_tick,all,5,196786,2.54,NA,3,NA,1.3,NA,NA,NA,NA,TRUE
cases,2022,year,CH,country,all,agegroup_tick,all,381,8815385,4.32,NA,361.3,NA,100,NA,NA,NA,NA,TRUE
cases,2022,year,CHFL,CHFL,all,agegroup_tick,all,381,8855062,4.3,NA,362.3,rising,100,108,1.19,38.3,337.6,TRUE
cases,2022,year,FL,country,all,agegroup_tick,all,0,39677,0,NA,1,NA,0,NA,NA,NA,NA,TRUE
cases,2022,year,FR,canton,all,agegroup_tick,all,7,334465,2.09,NA,8.3,NA,1.8,NA,NA,NA,NA,TRUE
cases,2022,year,GE,canton,all,agegroup_tick,all,3,514114,0.58,NA,2,NA,0.8,NA,NA,NA,NA,TRUE
cases,2022,year,GL,canton,all,agegroup_tick,all,3,41471,7.23,NA,2.3,NA,0.8,NA,NA,NA,NA,TRUE
cases,2022,year,GR,canton,all,agegroup_tick,all,29,202538,14.32,NA,20,NA,7.6,NA,NA,NA,NA,TRUE
cases,2022,year,JU,canton,all,agegroup_tick,all,1,73865,1.35,NA,1.7,NA,0.3,NA,NA,NA,NA,TRUE
cases,2022,year,LU,canton,all,agegroup_tick,all,17,424851,4,NA,25.7,NA,4.5,NA,NA,NA,NA,TRUE
cases,2022,year,NE,canton,all,agegroup_tick,all,8,176571,4.53,NA,10,NA,2.1,NA,NA,NA,NA,TRUE
cases,2022,year,NW,canton,all,agegroup_tick,all,1,44420,2.25,NA,2,NA,0.3,NA,NA,NA,NA,TRUE
cases,2022,year,OW,canton,all,agegroup_tick,all,0,38700,0,NA,0.7,NA,0,NA,NA,NA,NA,TRUE
cases,2022,year,SG,canton,all,agegroup_tick,all,44,525967,8.37,NA,38.3,NA,11.5,NA,NA,NA,NA,TRUE
cases,2022,year,SH,canton,all,agegroup_tick,all,3,85214,3.52,NA,3.7,NA,0.8,NA,NA,NA,NA,TRUE
cases,2022,year,SO,canton,all,agegroup_tick,all,9,282408,3.19,NA,8.7,NA,2.4,NA,NA,NA,NA,TRUE
cases,2022,year,SZ,canton,all,agegroup_tick,all,5,164920,3.03,NA,3,NA,1.3,NA,NA,NA,NA,TRUE
cases,2022,year,TG,canton,all,agegroup_tick,all,23,289650,7.94,NA,26.3,NA,6,NA,NA,NA,NA,TRUE
cases,2022,year,TI,canton,all,agegroup_tick,all,2,354023,0.56,NA,1,NA,0.5,NA,NA,NA,NA,TRUE
cases,2022,year,UR,canton,all,agegroup_tick,all,4,37317,10.72,NA,4.3,NA,1,NA,NA,NA,NA,TRUE
cases,2022,year,VD,canton,all,agegroup_tick,all,24,830431,2.89,NA,19.3,NA,6.3,NA,NA,NA,NA,TRUE
cases,2022,year,VS,canton,all,agegroup_tick,all,9,357282,2.52,NA,7,NA,2.4,NA,NA,NA,NA,TRUE
cases,2022,year,ZG,canton,all,agegroup_tick,all,1,131164,0.76,NA,2.3,NA,0.3,NA,NA,NA,NA,TRUE
cases,2022,year,ZH,canton,all,agegroup_tick,all,67,1579967,4.24,NA,76,NA,17.6,NA,NA,NA,NA,TRUE
cases,2023,year,AG,canton,all,agegroup_tick,all,21,726894,2.89,NA,26,NA,7.1,NA,NA,NA,NA,TRUE
cases,2023,year,AI,canton,all,agegroup_tick,all,0,16585,0,NA,0.3,NA,0,NA,NA,NA,NA,TRUE
cases,2023,year,AR,canton,all,agegroup_tick,all,8,56495,14.16,NA,5,NA,2.7,NA,NA,NA,NA,TRUE
cases,2023,year,BE,canton,all,agegroup_tick,all,41,1063533,3.86,NA,49.7,NA,13.8,NA,NA,NA,NA,TRUE
cases,2023,year,BL,canton,all,agegroup_tick,all,2,298837,0.67,NA,3.3,NA,0.7,NA,NA,NA,NA,TRUE
cases,2023,year,BS,canton,all,agegroup_tick,all,0,200031,0,NA,1.7,NA,0,NA,NA,NA,NA,TRUE
cases,2023,year,CH,country,all,agegroup_tick,all,297,8962258,3.31,NA,316.3,NA,99,NA,NA,NA,NA,TRUE
cases,2023,year,CHFL,CHFL,all,agegroup_tick,all,300,9002273,3.33,NA,318,falling,100,-81,-0.97,-22.6,326.2,TRUE
cases,2023,year,FL,country,all,agegroup_tick,all,3,40015,7.5,NA,1.7,NA,1,NA,NA,NA,NA,TRUE
cases,2023,year,FR,canton,all,agegroup_tick,all,8,341537,2.34,NA,6.7,NA,2.7,NA,NA,NA,NA,TRUE
cases,2023,year,GE,canton,all,agegroup_tick,all,2,524410,0.38,NA,2.3,NA,0.7,NA,NA,NA,NA,TRUE
cases,2023,year,GL,canton,all,agegroup_tick,all,6,42056,14.27,NA,3.3,NA,2,NA,NA,NA,NA,TRUE
cases,2023,year,GR,canton,all,agegroup_tick,all,16,204888,7.81,NA,19,NA,5.4,NA,NA,NA,NA,TRUE
cases,2023,year,JU,canton,all,agegroup_tick,all,2,74548,2.68,NA,1.7,NA,0.7,NA,NA,NA,NA,TRUE
cases,2023,year,LU,canton,all,agegroup_tick,all,17,432744,3.93,NA,18.7,NA,5.7,NA,NA,NA,NA,TRUE
cases,2023,year,NE,canton,all,agegroup_tick,all,8,178291,4.49,NA,7,NA,2.7,NA,NA,NA,NA,TRUE
cases,2023,year,NW,canton,all,agegroup_tick,all,1,45016,2.22,NA,1,NA,0.3,NA,NA,NA,NA,TRUE
cases,2023,year,OW,canton,all,agegroup_tick,all,1,39272,2.55,NA,0.7,NA,0.3,NA,NA,NA,NA,TRUE
cases,2023,year,SG,canton,all,agegroup_tick,all,35,535114,6.54,NA,36.7,NA,11.8,NA,NA,NA,NA,TRUE
cases,2023,year,SH,canton,all,agegroup_tick,all,3,87111,3.44,NA,3.3,NA,1,NA,NA,NA,NA,TRUE
cases,2023,year,SO,canton,all,agegroup_tick,all,3,286844,1.05,NA,7,NA,1,NA,NA,NA,NA,TRUE
cases,2023,year,SZ,canton,all,agegroup_tick,all,1,167403,0.6,NA,2.7,NA,0.3,NA,NA,NA,NA,TRUE
cases,2023,year,TG,canton,all,agegroup_tick,all,31,295220,10.5,NA,24,NA,10.4,NA,NA,NA,NA,TRUE
cases,2023,year,TI,canton,all,agegroup_tick,all,3,357720,0.84,NA,2,NA,1,NA,NA,NA,NA,TRUE
cases,2023,year,UR,canton,all,agegroup_tick,all,9,37931,23.73,NA,4.7,NA,3,NA,NA,NA,NA,TRUE
cases,2023,year,VD,canton,all,agegroup_tick,all,13,845870,1.54,NA,16.3,NA,4.4,NA,NA,NA,NA,TRUE
cases,2023,year,VS,canton,all,agegroup_tick,all,8,365844,2.19,NA,8.3,NA,2.7,NA,NA,NA,NA,TRUE
cases,2023,year,ZG,canton,all,agegroup_tick,all,3,132556,2.26,NA,1.7,NA,1,NA,NA,NA,NA,TRUE
cases,2023,year,ZH,canton,all,agegroup_tick,all,55,1605508,3.43,NA,63.3,NA,18.5,NA,NA,NA,NA,TRUE
cases,2024,year,AG,canton,all,agegroup_tick,all,41,735808,5.57,NA,31.7,NA,9.5,NA,NA,NA,NA,TRUE
cases,2024,year,AI,canton,all,agegroup_tick,all,2,16733,11.95,NA,1,NA,0.5,NA,NA,NA,NA,TRUE
cases,2024,year,AR,canton,all,agegroup_tick,all,6,56705,10.58,NA,6.3,NA,1.4,NA,NA,NA,NA,TRUE
cases,2024,year,BE,canton,all,agegroup_tick,all,56,1071216,5.23,NA,56.3,NA,13,NA,NA,NA,NA,TRUE
cases,2024,year,BL,canton,all,agegroup_tick,all,5,301323,1.66,NA,4,NA,1.2,NA,NA,NA,NA,TRUE
cases,2024,year,BS,canton,all,agegroup_tick,all,2,201384,0.99,NA,2.3,NA,0.5,NA,NA,NA,NA,TRUE
cases,2024,year,CH,country,all,agegroup_tick,all,432,9051029,4.77,NA,370,NA,100,NA,NA,NA,NA,TRUE
cases,2024,year,CHFL,CHFL,all,agegroup_tick,all,432,9091915,4.75,NA,371,rising,100,132,1.42,42.6,363.8,TRUE
cases,2024,year,FL,country,all,agegroup_tick,all,0,40886,0,NA,1,NA,0,NA,NA,NA,NA,TRUE
cases,2024,year,FR,canton,all,agegroup_tick,all,17,346674,4.9,NA,10.7,NA,3.9,NA,NA,NA,NA,TRUE
cases,2024,year,GE,canton,all,agegroup_tick,all,1,531102,0.19,NA,2,NA,0.2,NA,NA,NA,NA,TRUE
cases,2024,year,GL,canton,all,agegroup_tick,all,2,42371,4.72,NA,3.7,NA,0.5,NA,NA,NA,NA,TRUE
cases,2024,year,GR,canton,all,agegroup_tick,all,22,206138,10.67,NA,22.3,NA,5.1,NA,NA,NA,NA,TRUE
cases,2024,year,JU,canton,all,agegroup_tick,all,1,74840,1.34,NA,1.3,NA,0.2,NA,NA,NA,NA,TRUE
cases,2024,year,LU,canton,all,agegroup_tick,all,32,437944,7.31,NA,22,NA,7.4,NA,NA,NA,NA,TRUE
cases,2024,year,NE,canton,all,agegroup_tick,all,5,179518,2.79,NA,7,NA,1.2,NA,NA,NA,NA,TRUE
cases,2024,year,NW,canton,all,agegroup_tick,all,1,45345,2.21,NA,1,NA,0.2,NA,NA,NA,NA,TRUE
cases,2024,year,OW,canton,all,agegroup_tick,all,1,39662,2.52,NA,0.7,NA,0.2,NA,NA,NA,NA,TRUE
cases,2024,year,SG,canton,all,agegroup_tick,all,52,540036,9.63,NA,43.7,NA,12,NA,NA,NA,NA,TRUE
cases,2024,year,SH,canton,all,agegroup_tick,all,5,88667,5.64,NA,3.7,NA,1.2,NA,NA,NA,NA,TRUE
cases,2024,year,SO,canton,all,agegroup_tick,all,13,289792,4.49,NA,8.3,NA,3,NA,NA,NA,NA,TRUE
cases,2024,year,SZ,canton,all,agegroup_tick,all,4,168931,2.37,NA,3.3,NA,0.9,NA,NA,NA,NA,TRUE
cases,2024,year,TG,canton,all,agegroup_tick,all,33,299509,11.02,NA,29,NA,7.6,NA,NA,NA,NA,TRUE
cases,2024,year,TI,canton,all,agegroup_tick,all,2,358903,0.56,NA,2.3,NA,0.5,NA,NA,NA,NA,TRUE
cases,2024,year,UR,canton,all,agegroup_tick,all,9,38275,23.51,NA,7.3,NA,2.1,NA,NA,NA,NA,TRUE
cases,2024,year,VD,canton,all,agegroup_tick,all,17,855106,1.99,NA,18,NA,3.9,NA,NA,NA,NA,TRUE
cases,2024,year,VS,canton,all,agegroup_tick,all,4,371288,1.08,NA,7,NA,0.9,NA,NA,NA,NA,TRUE
cases,2024,year,ZG,canton,all,agegroup_tick,all,5,133739,3.74,NA,3,NA,1.2,NA,NA,NA,NA,TRUE
cases,2024,year,ZH,canton,all,agegroup_tick,all,94,1620020,5.8,NA,72,NA,21.8,NA,NA,NA,NA,TRUE
cases,2025,year,AG,canton,all,agegroup_tick,all,46,735808,6.25,NA,36,NA,9.2,NA,NA,NA,NA,TRUE
cases,2025,year,AI,canton,all,agegroup_tick,all,2,16733,11.95,NA,1.3,NA,0.4,NA,NA,NA,NA,TRUE
cases,2025,year,AR,canton,all,agegroup_tick,all,5,56705,8.82,NA,6.3,NA,1,NA,NA,NA,NA,TRUE
cases,2025,year,BE,canton,all,agegroup_tick,all,95,1071216,8.87,NA,64,NA,18.9,NA,NA,NA,NA,TRUE
cases,2025,year,BL,canton,all,agegroup_tick,all,6,301323,1.99,NA,4.3,NA,1.2,NA,NA,NA,NA,TRUE
cases,2025,year,BS,canton,all,agegroup_tick,all,3,201384,1.49,NA,1.7,NA,0.6,NA,NA,NA,NA,TRUE
cases,2025,year,CH,country,all,agegroup_tick,all,502,9051029,5.55,NA,410.3,NA,100,NA,NA,NA,NA,TRUE
cases,2025,year,CHFL,CHFL,all,agegroup_tick,all,502,9091915,5.52,NA,411.3,rising,100,70,0.77,16.2,377.6,TRUE
cases,2025,year,FL,country,all,agegroup_tick,all,0,40886,0,NA,1,NA,0,NA,NA,NA,NA,TRUE
cases,2025,year,FR,canton,all,agegroup_tick,all,29,346674,8.37,NA,18,NA,5.8,NA,NA,NA,NA,TRUE
cases,2025,year,GE,canton,all,agegroup_tick,all,1,531102,0.19,NA,1.3,NA,0.2,NA,NA,NA,NA,TRUE
cases,2025,year,GL,canton,all,agegroup_tick,all,1,42371,2.36,NA,3,NA,0.2,NA,NA,NA,NA,TRUE
cases,2025,year,GR,canton,all,agegroup_tick,all,22,206138,10.67,NA,20,NA,4.4,NA,NA,NA,NA,TRUE
cases,2025,year,JU,canton,all,agegroup_tick,all,5,74840,6.68,NA,2.7,NA,1,NA,NA,NA,NA,TRUE
cases,2025,year,LU,canton,all,agegroup_tick,all,40,437944,9.13,NA,29.7,NA,8,NA,NA,NA,NA,TRUE
cases,2025,year,NE,canton,all,agegroup_tick,all,9,179518,5.01,NA,7.3,NA,1.8,NA,NA,NA,NA,TRUE
cases,2025,year,NW,canton,all,agegroup_tick,all,5,45345,11.03,NA,2.3,NA,1,NA,NA,NA,NA,TRUE
cases,2025,year,OW,canton,all,agegroup_tick,all,3,39662,7.56,NA,1.7,NA,0.6,NA,NA,NA,NA,TRUE
cases,2025,year,SG,canton,all,agegroup_tick,all,41,540036,7.59,NA,42.7,NA,8.2,NA,NA,NA,NA,TRUE
cases,2025,year,SH,canton,all,agegroup_tick,all,2,88667,2.26,NA,3.3,NA,0.4,NA,NA,NA,NA,TRUE
cases,2025,year,SO,canton,all,agegroup_tick,all,12,289792,4.14,NA,9.3,NA,2.4,NA,NA,NA,NA,TRUE
cases,2025,year,SZ,canton,all,agegroup_tick,all,4,168931,2.37,NA,3,NA,0.8,NA,NA,NA,NA,TRUE
cases,2025,year,TG,canton,all,agegroup_tick,all,20,299509,6.68,NA,28,NA,4,NA,NA,NA,NA,TRUE
cases,2025,year,TI,canton,all,agegroup_tick,all,3,358903,0.84,NA,2.7,NA,0.6,NA,NA,NA,NA,TRUE
cases,2025,year,UR,canton,all,agegroup_tick,all,5,38275,13.06,NA,7.7,NA,1,NA,NA,NA,NA,TRUE
cases,2025,year,VD,canton,all,agegroup_tick,all,31,855106,3.63,NA,20.3,NA,6.2,NA,NA,NA,NA,TRUE
cases,2025,year,VS,canton,all,agegroup_tick,all,15,371288,4.04,NA,9,NA,3,NA,NA,NA,NA,TRUE
cases,2025,year,ZG,canton,all,agegroup_tick,all,2,133739,1.5,NA,3.3,NA,0.4,NA,NA,NA,NA,TRUE
cases,2025,year,ZH,canton,all,agegroup_tick,all,95,1620020,5.86,NA,81.3,NA,18.9,NA,NA,NA,NA,TRUE
cases_10y_mean,2022,year,CHFL,CHFL,0 - 16,agegroup_tick,all,NA,NA,1.93,NA,NA,NA,NA,NA,NA,NA,NA,TRUE
cases_10y_mean,2022,year,CHFL,CHFL,17 - 44,agegroup_tick,all,NA,NA,2.42,NA,NA,NA,NA,NA,NA,NA,NA,TRUE
cases_10y_mean,2022,year,CHFL,CHFL,45 - 64,agegroup_tick,all,NA,NA,3.86,NA,NA,NA,NA,NA,NA,NA,NA,TRUE
cases_10y_mean,2022,year,CHFL,CHFL,65 - 84,agegroup_tick,all,NA,NA,4.43,NA,NA,NA,NA,NA,NA,NA,NA,TRUE
cases_10y_mean,2022,year,CHFL,CHFL,85+,agegroup_tick,all,NA,NA,0.82,NA,NA,NA,NA,NA,NA,NA,NA,TRUE
cases_10y_mean,2022,year,CHFL,CHFL,unknown,agegroup_tick,all,NA,NA,NA,NA,NA,NA,NA,NA,NA,NA,NA,TRUE
cases_10y_mean,2023,year,CHFL,CHFL,0 - 16,agegroup_tick,all,NA,NA,1.87,NA,NA,NA,NA,NA,NA,NA,NA,TRUE
cases_10y_mean,2023,year,CHFL,CHFL,17 - 44,agegroup_tick,all,NA,NA,2.51,NA,NA,NA,NA,NA,NA,NA,NA,TRUE
cases_10y_mean,2023,year,CHFL,CHFL,45 - 64,agegroup_tick,all,NA,NA,4.02,NA,NA,NA,NA,NA,NA,NA,NA,TRUE
cases_10y_mean,2023,year,CHFL,CHFL,65 - 84,agegroup_tick,all,NA,NA,4.52,NA,NA,NA,NA,NA,NA,NA,NA,TRUE
cases_10y_mean,2023,year,CHFL,CHFL,85+,agegroup_tick,all,NA,NA,0.88,NA,NA,NA,NA,NA,NA,NA,NA,TRUE
cases_10y_mean,2023,year,CHFL,CHFL,unknown,agegroup_tick,all,NA,NA,NA,NA,NA,NA,NA,NA,NA,NA,NA,TRUE
cases_10y_mean,2024,year,CHFL,CHFL,0 - 16,agegroup_tick,all,NA,NA,2.02,NA,NA,NA,NA,NA,NA,NA,NA,TRUE
cases_10y_mean,2024,year,CHFL,CHFL,17 - 44,agegroup_tick,all,NA,NA,2.82,NA,NA,NA,NA,NA,NA,NA,NA,TRUE
cases_10y_mean,2024,year,CHFL,CHFL,45 - 64,agegroup_tick,all,NA,NA,4.42,NA,NA,NA,NA,NA,NA,NA,NA,TRUE
cases_10y_mean,2024,year,CHFL,CHFL,65 - 84,agegroup_tick,all,NA,NA,5.05,NA,NA,NA,NA,NA,NA,NA,NA,TRUE
cases_10y_mean,2024,year,CHFL,CHFL,85+,agegroup_tick,all,NA,NA,0.89,NA,NA,NA,NA,NA,NA,NA,NA,TRUE
cases_10y_mean,2024,year,CHFL,CHFL,unknown,agegroup_tick,all,NA,NA,NA,NA,NA,NA,NA,NA,NA,NA,NA,TRUE
cases_10y_mean,2025,year,CHFL,CHFL,0 - 16,agegroup_tick,all,NA,NA,2.2,NA,NA,NA,NA,NA,NA,NA,NA,TRUE
cases_10y_mean,2025,year,CHFL,CHFL,17 - 44,agegroup_tick,all,NA,NA,3.18,NA,NA,NA,NA,NA,NA,NA,NA,TRUE
cases_10y_mean,2025,year,CHFL,CHFL,45 - 64,agegroup_tick,all,NA,NA,4.98,NA,NA,NA,NA,NA,NA,NA,NA,TRUE
cases_10y_mean,2025,year,CHFL,CHFL,65 - 84,agegroup_tick,all,NA,NA,5.61,NA,NA,NA,NA,NA,NA,NA,NA,TRUE
cases_10y_mean,2025,year,CHFL,CHFL,85+,agegroup_tick,all,NA,NA,0.92,NA,NA,NA,NA,NA,NA,NA,NA,TRUE
cases_10y_mean,2025,year,CHFL,CHFL,unknown,agegroup_tick,all,NA,NA,NA,NA,NA,NA,NA,NA,NA,NA,NA,TRUE
cases_10y_cumsum,2022,year,CHFL,CHFL,all,agegroup_tick,female,962,NA,NA,NA,NA,NA,37.1,NA,NA,NA,NA,TRUE
cases_10y_cumsum,2022,year,CHFL,CHFL,all,agegroup_tick,male,1625,NA,NA,NA,NA,NA,62.6,NA,NA,NA,NA,TRUE
cases_10y_cumsum,2022,year,CHFL,CHFL,all,agegroup_tick,unknown,8,NA,NA,NA,NA,NA,0.3,NA,NA,NA,NA,TRUE
cases_10y_cumsum,2023,year,CHFL,CHFL,all,agegroup_tick,female,1014,NA,NA,NA,NA,NA,37.7,NA,NA,NA,NA,TRUE
cases_10y_cumsum,2023,year,CHFL,CHFL,all,agegroup_tick,male,1673,NA,NA,NA,NA,NA,62.1,NA,NA,NA,NA,TRUE
cases_10y_cumsum,2023,year,CHFL,CHFL,all,agegroup_tick,unknown,6,NA,NA,NA,NA,NA,0.2,NA,NA,NA,NA,TRUE
cases_10y_cumsum,2024,year,CHFL,CHFL,all,agegroup_tick,female,1171,NA,NA,NA,NA,NA,38.9,NA,NA,NA,NA,TRUE
cases_10y_cumsum,2024,year,CHFL,CHFL,all,agegroup_tick,male,1833,NA,NA,NA,NA,NA,60.8,NA,NA,NA,NA,TRUE
cases_10y_cumsum,2024,year,CHFL,CHFL,all,agegroup_tick,unknown,9,NA,NA,NA,NA,NA,0.3,NA,NA,NA,NA,TRUE
cases_10y_cumsum,2025,year,CHFL,CHFL,all,agegroup_tick,female,1348,NA,NA,NA,NA,NA,39.7,NA,NA,NA,NA,TRUE
cases_10y_cumsum,2025,year,CHFL,CHFL,all,agegroup_tick,male,2036,NA,NA,NA,NA,NA,60,NA,NA,NA,NA,TRUE
cases_10y_cumsum,2025,year,CHFL,CHFL,all,agegroup_tick,unknown,9,NA,NA,NA,NA,NA,0.3,NA,NA,NA,NA,TRUE
